<?xml version="1.0" ?>
<project name="Appedo-SUM-HeartBeat-Monitor" default="heartbeat_monitor">
		<path id="libpath">
             <fileset dir="Appedo-SUM-HeartBeat-Monitor/lib">
                <include name="**/*.jar"/>
             </fileset>
        </path>
		<target name="init">
			<property name="src_dir" value="src/com/appedo/sum/heartbeat/monitor"/>
			<property name="classes" value="appedo_temp/monitor/classes"/>
			<property name="jars" value="appedo_temp/jars"/>
		</target>
		<target name="prepare" depends="init">
	        <mkdir dir="${classes}"/>
			<mkdir dir="${jars}"/>
		</target>
        <target name="compile" depends="prepare">
            <javac destdir="${classes}" debug="true" srcdir="Appedo-SUM-HeartBeat-Monitor/src/" includeantruntime="false">
				<classpath refid="libpath"/>
            </javac>
        </target>
        <target name="heartbeat_monitor" depends="compile">		
				<jar jarfile="${jars}/appedo_avm_monitor.jar" manifest="Appedo-SUM-HeartBeat-Monitor/META-INF/MANIFEST.MF">
					<fileset dir="${classes}"/>
				</jar>
		</target>
</project>
