<?xml version="1.0" ?>
<project name="Appedo_Processing_Services" default="process">
		<path id="libpath">
             <fileset dir="lib">
                <include name="**/*.jar"/>
             </fileset>
        </path> 
		<target name="init">
			<property name="src_dir" value="src/"/>
			<property name="classes" value="appedo_temp/classes/process"/>
			<property name="processjar" value="${jars}/ltprocessing_${1}.${2}.jar"/>
		</target>        
		<target name="prepare" depends="init">
	        <mkdir dir="${classes}"/>
		</target>
        <target name="compile" depends="prepare">
            <javac destdir="${classes}" debug="true" includeantruntime="false">
			     <src path="${src_dir}"/>
                 <classpath refid="libpath"/>
            </javac>
        </target>
        <target name="process" depends="compile">
				<copy file="META-INF/MANIFEST_LT_Processing.MF" tofile="${classes}/META-INF/MANIFEST.MF"/>
				<jar jarfile="${processjar}" manifest="META-INF/MANIFEST_LT_Processing.MF">
					<fileset dir="${classes}"/>
				</jar>
		</target>
</project>
