<?xml version="1.0" ?>
<project name="Appedo_Reporting_Services" default="report">
		<path id="libpath">
             <fileset dir="lib">
                <include name="**/*.jar"/>
             </fileset>
        </path> 
		<target name="init">
			<property name="src_dir" value="src/"/>
			<property name="classes" value="appedo_temp/classes/report"/>
			<property name="processjar" value="${jars}/ltreporting_${1}.${2}.jar"/>
		</target>
		<target name="prepare" depends="init">
	        <mkdir dir="${classes}"/>
		</target>
        <target name="compile" depends="prepare">
            <javac destdir="${classes}" debug="true" includeantruntime="false">
			     <src path="${src_dir}"/>
                 <classpath refid="libpath"/>
            </javac>
        </target>
        <target name="report" depends="compile">
				<copy file="META-INF/MANIFEST_LT_Reporting.MF" tofile="${classes}/META-INF/MANIFEST.MF"/>				
				<jar jarfile="${processjar}">
					<fileset dir="${classes}"/>
					 <manifest>
					      <attribute name="Manifest-Version" value="1.0"/>
					      <attribute name="Specification-Title" value="Appedo LT Reporting Services"/>
					      <attribute name="Specification-Version" value="${1}"/>
					      <attribute name="Specification-Vendor" value="Appedo Inc"/>
					      <attribute name="Implementation-Title" value="Appedo LT Reporting Services"/>
					      <attribute name="Implementation-Version" value="${2}"/>
					      <attribute name="Implementation-Vendor" value="Appedo Inc"/>
					      <attribute name="VersionLastUpdate" value="2015-12-01 20:00"/>
					      <attribute name="Main-Class" value="com.appedo.processing.init.LTReportingInit"/>
					      <attribute name="Class-Path" value="lib/aws-java-sdk-1.1.7.1.jar lib/commons-beanutils-1.7.jar lib/commons-codec-1.2.jar lib/commons-collections-3.1.jar lib/commons-dbcp-1.1.jar lib/commons-httpclient-3.1.jar lib/commons-lang.jar lib/commons-logging.jar lib/commons-pool-1.1.jar lib/ezmorph.jar lib/json-lib-2.2.2-jdk15.jar lib/log4j-1.2.15.jar lib/org.json-20120521.jar lib/postgresql-9.3-1100.jdbc41.jar lib/commons-compress-1.8.1.jar lib/appedo-commons-1.003.jar lib/commons-io-2.4.jar"/>    
					</manifest>
				</jar>
		</target>
</project>
