<?xml version="1.0" encoding="UTF-8"?>
<web-app xmlns:xsi="http://www.w3.org/2001/XMLSchema-instance" xmlns="http://java.sun.com/xml/ns/j2ee" xmlns:web="http://java.sun.com/xml/ns/javaee" xsi:schemaLocation="http://java.sun.com/xml/ns/j2ee http://java.sun.com/xml/ns/j2ee/web-app_2_4.xsd http://java.sun.com/xml/ns/javaee http://xmlns.jcp.org/xml/ns/javaee" version="2.4">
<display-name>Appedo-LT-Queue-Services</display-name>

	<context-param>
		<param-name>NewMIDlet-Version</param-name>
		<param-value>3.0.018</param-value>
	</context-param>
	<context-param>
		<param-name>VersionLastUpdate</param-name>
		<param-value>2017-02-19 12:45</param-value>
	</context-param>
	<context-param>
		<description>Constant file properties</description>
		<param-name>CONSTANTS_PROPERTIES_FILE_PATH</param-name>
		<param-value>/WEB-INF/classes/com/appedo/lt/resource/config.properties</param-value>
	</context-param>
	<context-param>
		<description>log4j file properties</description>
		<param-name>LOG4J_PROPERTIES_FILE_PATH</param-name>
		<param-value>/WEB-INF/classes/com/appedo/lt/resource/log4j_LT_Queue_Services.properties</param-value>
	</context-param>
	
	
	<servlet>
		<servlet-name>LTQueueServiceInitServlet</servlet-name>
		<servlet-class>com.appedo.lt.servlet.LTQueueServiceInitServlet</servlet-class>
		<load-on-startup>1</load-on-startup>
	</servlet>
	
  	<servlet>
		<servlet-name>LTQueueController</servlet-name>
		<servlet-class>com.appedo.lt.controller.LTQueueController</servlet-class>
	</servlet>
	<servlet-mapping>
		<servlet-name>LTQueueController</servlet-name>
		<url-pattern>/ltQueue/*</url-pattern>
	</servlet-mapping>
	
	<servlet>
		<servlet-name>QueueController</servlet-name>
		<servlet-class>com.appedo.lt.controller.QueueController</servlet-class>
	</servlet>
	<servlet-mapping>
		<servlet-name>QueueController</servlet-name>
		<url-pattern>/asdQueue/*</url-pattern>
	</servlet-mapping>
	
</web-app>
