<?xml version="1.0" encoding="UTF-8"?>
<web-app xmlns:xsi="http://www.w3.org/2001/XMLSchema-instance" xmlns="http://java.sun.com/xml/ns/j2ee" xmlns:web="http://java.sun.com/xml/ns/javaee" xsi:schemaLocation="http://java.sun.com/xml/ns/j2ee http://java.sun.com/xml/ns/j2ee/web-app_2_4.xsd http://java.sun.com/xml/ns/javaee http://xmlns.jcp.org/xml/ns/javaee" version="2.4">
<display-name>Appedo-RUM-Collector</display-name>

	<context-param>
		<param-name>NewMIDlet-Version</param-name>
		<param-value>3.0.017</param-value>
	</context-param>
	<context-param>
		<param-name>VersionLastUpdate</param-name>
		<param-value>2016-12-01 12:10</param-value>
	</context-param>
	<context-param>
		<description>Constant file properties</description>
		<param-name>CONSTANTS_PROPERTIES_FILE_PATH</param-name>
		<param-value>/WEB-INF/classes/com/appedo/lt/resource/config.properties</param-value>
	</context-param>
	<context-param>
		<description>log4j file properties</description>
		<param-name>LOG4J_PROPERTIES_FILE_PATH</param-name>
		<param-value>/WEB-INF/classes/com/appedo/lt/resource/log4j_RUM_Collector.properties</param-value>
	</context-param>
	
	
	<servlet>
		<servlet-name>RUMCollectorInitServlet</servlet-name>
		<servlet-class>com.appedo.lt.servlet.RUMCollectorInitServlet</servlet-class>
		<load-on-startup>1</load-on-startup>
	</servlet>
	
	
	<servlet>
		<servlet-name>QueueController</servlet-name>
		<servlet-class>com.appedo.lt.controller.QueueController</servlet-class>
	</servlet>
	<servlet-mapping>
		<servlet-name>QueueController</servlet-name>
		<url-pattern>/asdQueue/*</url-pattern>
	</servlet-mapping>
	<servlet-mapping>
		<servlet-name>QueueController</servlet-name>
		<url-pattern>/rumQueue/*</url-pattern>
	</servlet-mapping>
	<servlet-mapping>
		<servlet-name>QueueController</servlet-name>
		<url-pattern>/ciQueue/*</url-pattern>
	</servlet-mapping>
	
	
	<servlet>
		<servlet-name>RumCollector</servlet-name>
		<servlet-class>com.appedo.collector.controller.RumCollector</servlet-class>
	</servlet>
	<servlet-mapping>
		<servlet-name>RumCollector</servlet-name>
		<url-pattern>/rumCollector</url-pattern>
	</servlet-mapping>
	
	
	<servlet>
		<servlet-name>CICollector</servlet-name>
		<servlet-class>com.appedo.collector.controller.CICollector</servlet-class>
	</servlet>
	<servlet-mapping>
		<servlet-name>CICollector</servlet-name>
		<url-pattern>/ciCollector</url-pattern>
	</servlet-mapping>
</web-app>
