{
	"Tomcat": [
		{"label":"Monitor","value":"MONITOR"},
		{"label":"All Transactions","value":"TRANSACTION"},
		{"label":"Key Transactions","value":"KEY_TRANSACTION"},
		{"label":"SQL Queries","value":"PROFILER_SLOW_QUERY"}
	], 
	"JBoss": [
		{"label":"Monitor","value":"MONITOR"},
		{"label":"All Transactions","value":"TRANSACTION"},
		{"label":"Key Transactions","value":"KEY_TRANSACTION"},
		{"label":"SQL Queries","value":"PROFILER_SLOW_QUERY"}
	],
	"MSIIS": [
		{"label":"Monitor","value":"MONITOR"},
		{"label":"All Transactions","value":"TRANSACTION"},
		{"label":"Key Transactions","value":"KEY_TRANSACTION"}
	],
	"Apache WebServer": [
		{"label":"Monitor","value":"MONITOR"}
	],
	"WebLogic": [
		{"label":"Monitor","value":"MONITOR"},
		{"label":"All Transactions","value":"TRANSACTION"},
		{"label":"Key Transactions","value":"KEY_TRANSACTION"},
		{"label":"SQL Queries","value":"PROFILER_SLOW_QUERY"}
	],
	"GlassFish": [
		{"label":"Monitor","value":"MONITOR"},
		{"label":"All Transactions","value":"TRANSACTION"},
		{"label":"Key Transactions","value":"KEY_TRANSACTION"},
		{"label":"SQL Queries","value":"PROFILER_SLOW_QUERY"}
	],
	"WebSphere": [
		{"label":"Monitor","value":"MONITOR"}
	]
}