{
	"graph1": {
		
		"chart1": {
			"module": "APM",
			"type": "APPLICATION",
			
			"cardName": "QAM Tomcat",
			"metricCategory": "Session",
			"metricName": "Active Session",
			
			"dataPoints": {/* dataPoint key to have only as rawdata, Critical, Warning */
				"rawdata": {
					"chartType": "line",
					"interpolate": "linear",
					"lineWidth": 1,
					"data": [{"T":1481260980000,"Count":3,"Min":0,"Max":33,"Avg":11},{"T":1481261040000,"Count":3,"Min":0,"Max":33,"Avg":11},{"T":1481261100000,"Count":3,"Min":0,"Max":0,"Avg":0},{"T":1481261160000,"Count":3,"Min":0,"Max":0,"Avg":0},{"T":1481261220000,"Count":3,"Min":0,"Max":33,"Avg":11},{"T":1481261280000,"Count":3,"Min":0,"Max":0,"Avg":0},{"T":1481261340000,"Count":3,"Min":0,"Max":33,"Avg":11},{"T":1481261400000,"Count":3,"Min":0,"Max":33,"Avg":11},{"T":1481261460000,"Count":3,"Min":0,"Max":0,"Avg":0},{"T":1481261520000,"Count":3,"Min":0,"Max":0,"Avg":0},{"T":1481261580000,"Count":3,"Min":0,"Max":33,"Avg":11},{"T":1481261640000,"Count":3,"Min":0,"Max":0,"Avg":0},{"T":1481261700000,"Count":3,"Min":0,"Max":0,"Avg":0},{"T":1481261760000,"Count":3,"Min":0,"Max":0,"Avg":0},{"T":1481261820000,"Count":3,"Min":0,"Max":33,"Avg":11}],
				},
				"Critical": {
					"chartType": "dotted-line",
					"interpolate": "linear",
					"data": [{T: 1481260980000, V: 80}, {T: 1481261040000, V: 80}, {T: 1481260980000, V: 80}, {T: 1481260980000, V: 80}],/* TOTAL POINTS available in RAWDATA's time */
				},
				"Warning": {
					"chartType": "dotted-line",
					"interpolate": "linear",
					"data": [{T: 1481260980000, V: 80}, {T: 1481261040000, V: 80}, {T: 1481260980000, V: 80}, {T: 1481260980000, V: 80}],/* TOTAL POINTS RAWDATA*/
				}
			}
		} 
	}, 
	"graph2": {
		"module": "APM",
		"type": "OS",
		"chartType": "area",
		
		"cardName": "QAM OS",
		"metricCategory": "Disk",
		"metricName": "Total Use in %",
		
		
		"dataPoints": {
			"rawdata": {
				"chartType": "area",
				"interpolate": "linear",
				"data": "data": [{"T":1481261400000,"Count":3,"Min":100,"Max":100,"Avg":100},{"T":1481261460000,"Count":3,"Min":100,"Max":100,"Avg":100},{"T":1481261520000,"Count":3,"Min":100,"Max":100,"Avg":100},{"T":1481261580000,"Count":3,"Min":100,"Max":100,"Avg":100},{"T":1481261640000,"Count":2,"Min":100,"Max":100,"Avg":100},{"T":1481261700000,"Count":3,"Min":100,"Max":100,"Avg":100},{"T":1481261760000,"Count":3,"Min":100,"Max":100,"Avg":100},{"T":1481261820000,"Count":3,"Min":100,"Max":100,"Avg":100},{"T":1481261880000,"Count":3,"Min":100,"Max":100,"Avg":100},{"T":1481261940000,"Count":3,"Min":100,"Max":100,"Avg":100},{"T":1481262000000,"Count":3,"Min":100,"Max":100,"Avg":100},{"T":1481262060000,"Count":3,"Min":100,"Max":100,"Avg":100},{"T":1481262120000,"Count":3,"Min":100,"Max":100,"Avg":100},{"T":1481262180000,"Count":2,"Min":100,"Max":100,"Avg":100},{"T":1481262240000,"Count":3,"Min":100,"Max":100,"Avg":100},{"T":1481262300000,"Count":3,"Min":100,"Max":100,"Avg":100},{"T":1481262360000,"Count":3,"Min":100,"Max":100,"Avg":100},{"T":1481262420000,"Count":3,"Min":100,"Max":100,"Avg":100},{"T":1481262480000,"Count":3,"Min":100,"Max":100,"Avg":100}],
			},
		}
	}, 
	"graph3": {
		"module": "APM",
		"type": "DATABASE",
		"chartType": "line",
		
		"cardName": "QAM DB",
		"metricCategory": "Connection",
		"metricName": "Open Connection",
		
		"dataPoints": {
			"rawdata": {
				"chartType": "area",
				"interpolate": "linear",
				"data": [{"T":1481261760000,"Count":3,"Min":0,"Max":481,"Avg":162},{"T":1481261820000,"Count":3,"Min":0,"Max":5,"Avg":1},{"T":1481261880000,"Count":3,"Min":0,"Max":481,"Avg":162},{"T":1481261940000,"Count":3,"Min":0,"Max":5,"Avg":1},{"T":1481262000000,"Count":3,"Min":0,"Max":481,"Avg":162},{"T":1481262060000,"Count":3,"Min":0,"Max":5,"Avg":1},{"T":1481262120000,"Count":3,"Min":0,"Max":481,"Avg":162},{"T":1481262180000,"Count":3,"Min":0,"Max":5,"Avg":1},{"T":1481262240000,"Count":3,"Min":0,"Max":481,"Avg":162},{"T":1481262300000,"Count":3,"Min":0,"Max":5,"Avg":1},{"T":1481262360000,"Count":3,"Min":0,"Max":481,"Avg":162},{"T":1481262420000,"Count":3,"Min":0,"Max":5,"Avg":1},{"T":1481262480000,"Count":3,"Min":0,"Max":481,"Avg":162},{"T":1481262540000,"Count":3,"Min":0,"Max":5,"Avg":1},{"T":1481262600000,"Count":3,"Min":0,"Max":481,"Avg":162}],
			}
		}
	},
}