{
	"graph1": {
		
		"chart1": {
			"module": "APM",
			"type": "APPLICATION",
			
			"cardName": "QAM Tomcat",
			"metricCategory": "Session",
			"metricName": "Active Session",
			"metricId": 100000,
			
			"dataPoints": {
				"rawdata": {
					"chartType": "area",
					"interpolate": "linear",
					"lineWidth": 1,
					"circleWidth": 1.5,
					
					"defaultYAxisKey": "Avg",
					"data": [{"T":1481260980000,"Count":3,"Min":0,"Max":33,"Avg":11},{"T":1481261040000,"Count":3,"Min":0,"Max":33,"Avg":11},{"T":1481261100000,"Count":3,"Min":0,"Max":0,"Avg":0},{"T":1481261160000,"Count":3,"Min":0,"Max":0,"Avg":0},{"T":1481261220000,"Count":3,"Min":0,"Max":33,"Avg":11},{"T":1481261280000,"Count":3,"Min":0,"Max":0,"Avg":0},{"T":1481261340000,"Count":3,"Min":0,"Max":33,"Avg":11},{"T":1481261400000,"Count":3,"Min":0,"Max":33,"Avg":11},{"T":1481261460000,"Count":3,"Min":0,"Max":0,"Avg":0},{"T":1481261520000,"Count":3,"Min":0,"Max":0,"Avg":0},{"T":1481261580000,"Count":3,"Min":0,"Max":33,"Avg":11},{"T":1481261640000,"Count":3,"Min":0,"Max":0,"Avg":0},{"T":1481261700000,"Count":3,"Min":0,"Max":0,"Avg":0},{"T":1481261760000,"Count":3,"Min":0,"Max":0,"Avg":0},{"T":1481261820000,"Count":3,"Min":0,"Max":33,"Avg":11}],
					"unit": ""
					
				},
				"critical": {
					"chartType": "dotted-line",
					"interpolate": "linear",
					"lineWidth": 1,
					
					"defaultYAxisKey": "V",
					"data": [{"T": 1481260980000, "V": 80}, {"T": 1481261040000, "V": 80}, {"T": 1481261100000, "V": 80}, {"T": 1481261160000, "V": 80}, {"T": 1481261220000, "V": 80}, {"T":1481261280000,"V": 80},{"T":1481261340000,"V":11},{"T":1481261400000,"V":8},{"T":1481261460000,"V": 80},{"T":1481261520000,"V": 80},{"T":1481261580000,"V":8},{"T":1481261640000,"V": 80},{"T":1481261700000,"V": 80},{"T":1481261760000,"V": 80},{"T":1481261820000,"V":8}],
					"unit": ""
				},
				"warning": {
					"chartType": "dotted-line",
					"interpolate": "linear",
					"lineWidth": 1,
					
					"defaultYAxisKey": "V",
					"data": [{"T": 1481260980000, "V": 4}, {"T": 1481261040000, "V": 4}, {"T": 1481261100000, "V": 4}, {"T": 1481261160000, "V": 4}, {"T": 1481261220000, "V": 4}, {"T":1481261280000,"V": 4},{"T":1481261340000,"V":4},{"T":1481261400000,"V":4},{"T":1481261460000,"V": 4},{"T":1481261520000,"V": 4},{"T":1481261580000,"V":4},{"T":1481261640000,"V": 4},{"T":1481261700000,"V": 4},{"T":1481261760000,"V": 4},{"T":1481261820000,"V":8}],
					"unit": ""
				}
			}
		} 
	},
	"graph2": {
		"chart1": {
			"module": "APM",
			"type": "OS",
			"chartType": "area",
			
			"cardName": "QAM OS",
			"metricCategory": "Disk",
			"metricName": "Total Use in %",
			
			"dataPoints": {
				"rawdata": {
					"chartType": "area",
					"interpolate": "linear",
					"lineWidth": 1,
					"circleWidth": 1.5,
					"defaultYAxisKey": "Avg",
					
					"data": [{"T":1481261400000,"Count":3,"Min":100,"Max":100,"Avg":100},{"T":1481261460000,"Count":3,"Min":100,"Max":100,"Avg":100},{"T":1481261520000,"Count":3,"Min":100,"Max":100,"Avg":100},{"T":1481261580000,"Count":3,"Min":100,"Max":100,"Avg":100},{"T":1481261640000,"Count":2,"Min":100,"Max":100,"Avg":100},{"T":1481261700000,"Count":3,"Min":100,"Max":100,"Avg":100},{"T":1481261760000,"Count":3,"Min":100,"Max":100,"Avg":100},{"T":1481261820000,"Count":3,"Min":100,"Max":100,"Avg":100},{"T":1481261880000,"Count":3,"Min":100,"Max":100,"Avg":100},{"T":1481261940000,"Count":3,"Min":100,"Max":100,"Avg":100},{"T":1481262000000,"Count":3,"Min":100,"Max":100,"Avg":100},{"T":1481262060000,"Count":3,"Min":100,"Max":100,"Avg":100},{"T":1481262120000,"Count":3,"Min":100,"Max":100,"Avg":100},{"T":1481262180000,"Count":2,"Min":100,"Max":100,"Avg":100},{"T":1481262240000,"Count":3,"Min":100,"Max":100,"Avg":100},{"T":1481262300000,"Count":3,"Min":100,"Max":100,"Avg":100},{"T":1481262360000,"Count":3,"Min":100,"Max":100,"Avg":100},{"T":1481262420000,"Count":3,"Min":100,"Max":100,"Avg":100},{"T":1481262480000,"Count":3,"Min":100,"Max":100,"Avg":100}],
					"unit": ""
				}
			}
		}
	},
	"graph3": {
		"chart1": {
			"module": "APM",
			"type": "OS",
			"chartType": "area",
			
			"cardName": "QAM OS",
			"metricCategory": " Network",
			"metricName": "Bytes Sent / Sec.",
			
			"dataPoints": {
				"rawdata": {
					"chartType": "area",
					"interpolate": "linear",
					"lineWidth": 1,
					"circleWidth": 1.5,
					"defaultYAxisKey": "Avg",
					
					"data": [{"T":1481361600000,"Count":3,"Min":2436,"Max":5848,"Avg":4446},{"T":1481361660000,"Count":3,"Min":2554,"Max":8285,"Avg":5306},{"T":1481361720000,"Count":3,"Min":2526,"Max":7698,"Avg":5296},{"T":1481361780000,"Count":3,"Min":2644,"Max":5688,"Avg":4537},{"T":1481361840000,"Count":3,"Min":2484,"Max":8403,"Avg":5282},{"T":1481361900000,"Count":3,"Min":5826,"Max":7538,"Avg":6429},{"T":1481361960000,"Count":3,"Min":2394,"Max":8492,"Avg":5578},{"T":1481362020000,"Count":3,"Min":3467,"Max":9159,"Avg":6723},{"T":1481362080000,"Count":3,"Min":2394,"Max":7698,"Avg":5266},{"T":1481362140000,"Count":3,"Min":2596,"Max":5688,"Avg":4521},{"T":1481362200000,"Count":3,"Min":4961,"Max":8535,"Avg":6420},{"T":1481362260000,"Count":3,"Min":5826,"Max":7472,"Avg":6461},{"T":1481362320000,"Count":3,"Min":2436,"Max":5848,"Avg":4468},{"T":1481362380000,"Count":3,"Min":2554,"Max":8285,"Avg":5320},{"T":1481362440000,"Count":3,"Min":2394,"Max":7740,"Avg":5252},{"T":1481362500000,"Count":3,"Min":2596,"Max":5688,"Avg":4521},{"T":1481362560000,"Count":3,"Min":2394,"Max":8445,"Avg":5252},{"T":1481362620000,"Count":3,"Min":2596,"Max":7538,"Avg":5320},{"T":1481362680000,"Count":3,"Min":2394,"Max":5824,"Avg":4432},{"T":1481362740000,"Count":3,"Min":2554,"Max":8243,"Avg":5306},{"T":1481362800000,"Count":3,"Min":2394,"Max":7788,"Avg":5282},{"T":1481362860000,"Count":3,"Min":2554,"Max":5778,"Avg":4537},{"T":1481362920000,"Count":3,"Min":2394,"Max":8403,"Avg":5282},{"T":1481362980000,"Count":3,"Min":2554,"Max":7538,"Avg":5306},{"T":1481363040000,"Count":3,"Min":2394,"Max":5848,"Avg":4454},{"T":1481363100000,"Count":3,"Min":2596,"Max":50022,"Avg":30149},{"T":1481363160000,"Count":3,"Min":10846,"Max":58192,"Avg":29619},{"T":1481363220000,"Count":3,"Min":3483,"Max":5688,"Avg":4817},{"T":1481363280000,"Count":3,"Min":2460,"Max":8585,"Avg":5491},{"T":1481363340000,"Count":3,"Min":2596,"Max":22733,"Avg":10955},{"T":1481363400000,"Count":3,"Min":2436,"Max":5848,"Avg":4468},{"T":1481363460000,"Count":3,"Min":2554,"Max":8219,"Avg":5328},{"T":1481363520000,"Count":3,"Min":2436,"Max":7698,"Avg":5266},{"T":1481363580000,"Count":3,"Min":2554,"Max":5688,"Avg":4507},{"T":1481363640000,"Count":3,"Min":2394,"Max":8403,"Avg":5252},{"T":1481363700000,"Count":3,"Min":2554,"Max":7472,"Avg":5602},{"T":1481363760000,"Count":3,"Min":2394,"Max":5848,"Avg":4454},{"T":1481363820000,"Count":3,"Min":2554,"Max":8243,"Avg":5306},{"T":1481363880000,"Count":3,"Min":2484,"Max":7698,"Avg":5312},{"T":1481363940000,"Count":3,"Min":2596,"Max":5778,"Avg":4551},{"T":1481364000000,"Count":3,"Min":2394,"Max":8445,"Avg":5252},{"T":1481364060000,"Count":3,"Min":2596,"Max":7538,"Avg":5320},{"T":1481364120000,"Count":3,"Min":2394,"Max":5890,"Avg":4454},{"T":1481364180000,"Count":3,"Min":2554,"Max":8243,"Avg":5306},{"T":1481364240000,"Count":3,"Min":2394,"Max":7698,"Avg":5252},{"T":1481364300000,"Count":3,"Min":2554,"Max":5688,"Avg":4507},{"T":1481364360000,"Count":3,"Min":2394,"Max":8403,"Avg":5282},{"T":1481364420000,"Count":3,"Min":2554,"Max":7538,"Avg":5306},{"T":1481364480000,"Count":3,"Min":5121,"Max":5848,"Avg":5567},{"T":1481364540000,"Count":3,"Min":2554,"Max":8243,"Avg":5306},{"T":1481364600000,"Count":3,"Min":2394,"Max":7698,"Avg":5252},{"T":1481364660000,"Count":3,"Min":2554,"Max":5688,"Avg":4507},{"T":1481364720000,"Count":3,"Min":2394,"Max":8403,"Avg":5252},{"T":1481364780000,"Count":3,"Min":2554,"Max":7538,"Avg":5306},{"T":1481364840000,"Count":3,"Min":2394,"Max":5848,"Avg":4454},{"T":1481364900000,"Count":3,"Min":2644,"Max":8243,"Avg":5336},{"T":1481364960000,"Count":3,"Min":5666,"Max":7698,"Avg":6646},{"T":1481365020000,"Count":3,"Min":2554,"Max":5688,"Avg":4493},{"T":1481365080000,"Count":3,"Min":2394,"Max":8403,"Avg":5252},{"T":1481365140000,"Count":2,"Min":6781,"Max":7538,"Avg":7159}],
					"unit": "Bps"
				}
			}
		}
	},
	"graph4": {
		"chart1": {
			"module": "APM",
			"type": "OS",
			"chartType": "area",
			
			"cardName": "QAM OS",
			"metricCategory": " Network",
			"metricName": "Bytes Sent / Sec.",
			
			"dataPoints": {
				"rawdata": {
					"chartType": "area",
					"interpolate": "linear",
					"lineWidth": 1,
					"circleWidth": 1.5,
					"defaultYAxisKey": "Avg",
					
					"data": [[{"T":1481369700000,"Count":3,"Min":79,"Max":79,"Avg":79},{"T":1481369760000,"Count":3,"Min":79,"Max":79,"Avg":79},{"T":1481369820000,"Count":3,"Min":79,"Max":79,"Avg":79}],[{"T":1481370240000,"Count":3,"Min":79,"Max":79,"Avg":79},{"T":1481370300000,"Count":3,"Min":79,"Max":79,"Avg":79},{"T":1481370360000,"Count":3,"Min":79,"Max":79,"Avg":79},{"T":1481370420000,"Count":3,"Min":79,"Max":79,"Avg":79},{"T":1481370480000,"Count":3,"Min":79,"Max":79,"Avg":79},{"T":1481370540000,"Count":3,"Min":79,"Max":79,"Avg":79}],[{"T":1481370960000,"Count":3,"Min":79,"Max":79,"Avg":79},{"T":1481371020000,"Count":3,"Min":79,"Max":79,"Avg":79},{"T":1481371080000,"Count":3,"Min":79,"Max":79,"Avg":79},{"T":1481371140000,"Count":3,"Min":79,"Max":79,"Avg":79},{"T":1481371200000,"Count":3,"Min":79,"Max":79,"Avg":79},{"T":1481371260000,"Count":3,"Min":79,"Max":79,"Avg":79},{"T":1481371320000,"Count":3,"Min":79,"Max":79,"Avg":79},{"T":1481371380000,"Count":3,"Min":79,"Max":79,"Avg":79},{"T":1481371440000,"Count":3,"Min":79,"Max":79,"Avg":79},{"T":1481371500000,"Count":3,"Min":79,"Max":79,"Avg":79},{"T":1481371560000,"Count":3,"Min":79,"Max":79,"Avg":79}],[{"T":1481372160000,"Count":3,"Min":79,"Max":79,"Avg":79},{"T":1481372220000,"Count":3,"Min":79,"Max":79,"Avg":79},{"T":1481372280000,"Count":3,"Min":79,"Max":79,"Avg":79},{"T":1481372340000,"Count":3,"Min":79,"Max":79,"Avg":79},{"T":1481372400000,"Count":3,"Min":79,"Max":79,"Avg":79},{"T":1481372460000,"Count":3,"Min":79,"Max":79,"Avg":79},{"T":1481372520000,"Count":3,"Min":79,"Max":79,"Avg":79},{"T":1481372580000,"Count":3,"Min":79,"Max":79,"Avg":79},{"T":1481372640000,"Count":3,"Min":79,"Max":79,"Avg":79},{"T":1481372700000,"Count":3,"Min":79,"Max":79,"Avg":79},{"T":1481372760000,"Count":3,"Min":79,"Max":79,"Avg":79},{"T":1481372820000,"Count":3,"Min":79,"Max":79,"Avg":79},{"T":1481372880000,"Count":3,"Min":79,"Max":79,"Avg":79},{"T":1481372940000,"Count":3,"Min":79,"Max":79,"Avg":79},{"T":1481373000000,"Count":3,"Min":79,"Max":79,"Avg":79},{"T":1481373060000,"Count":3,"Min":80,"Max":80,"Avg":80},{"T":1481373120000,"Count":3,"Min":80,"Max":80,"Avg":80},{"T":1481373180000,"Count":3,"Min":80,"Max":80,"Avg":80},{"T":1481373240000,"Count":2,"Min":80,"Max":80,"Avg":80}]],
					"unit": "Bps"
				}
			}
		}
	}
}