{
	"graph1": {
		"enableMinAvgMax": false,
		"axisLabel": "Response Time",
		"chartName" : "SUM - www.appedo.com",
		"xAxisTimeScale" : true,
		"enableYaxis":true,
		"graphId": "graph1",
		"charts":[{"chart1": {
				"legendText": "India-Bangalore-Chrome",
				"metricId": 100001,
				"id": 1,
				"chartType" : "line",
				"selGraphValue" : "avg",
				"unit":"sec",
				"data" :[
						{"DateTime":"1486392850200","count":"10","min":"10.5","avg":"10.5","max":"10.5","warning":"2","critical":"3"},
						{"DateTime":"1486393750200","count":"15","min":"20","avg":"20","max":"20","warning":"2","critical":"3"},
						{"DateTime":"1486394650200","count":"17","min":"3","avg":"3","max":"3","warning":"2","critical":"3"},
						{"DateTime":"1486395550200","count":"18","min":"25","avg":"25","max":"25","warning":"2","critical":"3"}
				]}		
			},
			{"chart2": {
				"legendText": "India-Bangalore-Firefox",
				"metricId": 100002,
				"id": 1,
				"chartType" : "line",
				"selGraphValue" : "avg",
				"unit":"sec",
				"data" :[
						{"DateTime":"1486392850200","count":"1","min":"25.5","avg":"25.5","max":"25.5","warning":"5","critical":"25"},
						{"DateTime":"1486393750200","count":"1","min":"10","avg":"10","max":"10","warning":"5","critical":"25"},
						{"DateTime":"1486394650200","count":"1","min":"8","avg":"8","max":"8","warning":"5","critical":"25"},
						{"DateTime":"1486395550200","count":"1","min":"3","avg":"3","max":"3","warning":"5","critical":"25"}
				]}		
			},
			{
			"chart3": {
				"legendText": "India-Chennai-Chrome",
				"metricId": 100003,
				"id": 1,
				"chartType" : "line",
				"selGraphValue" : "avg",
				"unit":"sec",
				"data" :[
						{"DateTime":"1486392850200","count":"1","min":"40","avg":"40","max":"40","warning":"5","critical":"25"},
						{"DateTime":"1486393750200","count":"1","min":"19","avg":"19","max":"19","warning":"5","critical":"25"},
						{"DateTime":"1486394650200","count":"1","min":"18","avg":"18","max":"18","warning":"5","critical":"25"},
						{"DateTime":"1486395550200","count":"1","min":"30","avg":"30","max":"30","warning":"5","critical":"25"}
				]} 
			},
			{
			"chart4": {
				"legendText": "India-Chennai-Firefox",
				"metricId": 100004,
				"id": 1,
				"chartType" : "line",
				"selGraphValue" : "avg",
				"unit":"sec",
				"data" :[
						{"DateTime":"1486392850200","count":"1","min":"6.5","avg":"6.5","max":"6.5","warning":"5","critical":"25"},
						{"DateTime":"1486393750200","count":"1","min":"13","avg":"13","max":"13","warning":"5","critical":"25"},
						{"DateTime":"1486394650200","count":"1","min":"12","avg":"12","max":"12","warning":"5","critical":"25"},
						{"DateTime":"1486395550200","count":"1","min":"14","avg":"14","max":"14","warning":"5","critical":"25"}
				]}
			},
			{
			"chart5": {
				"legendText": "India-Mumbai-Firefox",
				"metricId": 100005,
				"id": 1,
				"chartType" : "line",
				"selGraphValue" : "min",
				"unit":"sec",
				"data" :[
						{"DateTime":"1486392850200","count":"20","min":"20","avg":"20","max":"20","warning":"5","critical":"10"},
						{"DateTime":"1486393750200","count":"30","min":"20","avg":"20","max":"20","warning":"5","critical":"10"},
						{"DateTime":"1486394650200","count":"50","min":"20","avg":"20","max":"20","warning":"5","critical":"10"},
						{"DateTime":"1486395550200","count":"40","min":"20","avg":"20","max":"20","warning":"5","critical":"10"}
				]}
			},
			{
			"chart6": {
				"legendText": "India-Mumbai-Opera",
				"metricId": 100006,
				"id": 1,
				"chartType" : "line",
				"selGraphValue" : "avg",
				"unit":"sec",
				"data" :[
						{"DateTime":"1486392850140","count":"1","min":"14","avg":"14","max":"14","warning":"5","critical":"25"},
						{"DateTime":"1486393750140","count":"1","min":"14","avg":"14","max":"14","warning":"5","critical":"25"},
						{"DateTime":"1486394650140","count":"1","min":"14","avg":"14","max":"14","warning":"5","critical":"25"},
						{"DateTime":"1486395550140","count":"1","min":"14","avg":"14","max":"14","warning":"5","critical":"25"}
				]}
			}
		]			
	},
	"graph2": {
		"enableMinAvgMax": false,
		"axisLabel": "Browser",
		"chartName" : "Browserwise report",
		"xAxisTimeScale" : false,
		"enableYaxis":true,
		"graphId": "graph2",
		"charts":[{"chart1": {
				"legendText": "Browserwise report",
				"metricId": 100007,
				"id": 1,
				"chartType" : "vbar",
				"selGraphValue" : "count",
				"unit":"sec",
				"data" :[
					{"browser":"Firefox","count":"350","max":"134","min":"2","avg":"85","warning":"60","critical":"24"},
					{"browser":"Opera","count":"475","max":"108.3","min":"32","avg":"77","warning":"100","critical":"26"},
					{"browser":"IE9.0","count":"500","max":"128","min":"18","avg":"78","warning":"180","critical":"25"},
					{"browser":"IE 8","count":"595","max":"134","min":"2","avg":"85","warning":"60","critical":"30"},
					{"browser":"Opera Mobile","count":"2000","max":"108.3","min":"32","avg":"77","warning":"100","critical":"200"},
					{"browser":"browser 1","count":"800","max":"108.3","min":"32","avg":"77","warning":"100","critical":"80"},
					{"browser":"browser 2","count":"240","max":"128","min":"18","avg":"78","warning":"100","critical":"24"},
					{"browser":"browser 4","count":"800","max":"108.3","min":"32","avg":"77","warning":"100","critical":"50"},
					{"browser":"browser 5","count":"240","max":"128","min":"18","avg":"78","warning":"50","critical":"20"},
					{"browser":"browser 6","count":"800","max":"108.3","min":"32","avg":"77","warning":"100","critical":"60"},
					{"browser":"browser 7","count":"240","max":"128","min":"18","avg":"78","warning":"20","critical":"50"}

				]}		
			}
		]			
	},
	"graph3": {
		"enableMinAvgMax": true,
		"axisLabel": "%cpu",
		"chartName" : "Appedo UI - CPU %",
		"xAxisTimeScale" : true,
		"enableYaxis":true,
		"graphId": "graph3",
		"charts":[{"chart1": {
				"legendText": "UI - CPU%",
				"metricId": 100008,
				"id": 1,
				"chartType" : "area",
				"selGraphValue" : "avg",
				"unit":"%",
				"data" :[
					{"DateTime":"1486392850200","count":"3","min":"5","avg":"32","max":"64","warning":"34","critical":"72"},
					{"DateTime":"1486392910200","count":"3","min":"20","avg":"49","max":"90","warning":"35","critical":"72"},
					{"DateTime":"1486392970200","count":"3","min":"28","avg":"41","max":"99","warning":"32","critical":"72"},
					{"DateTime":"1486393030200","count":"3","min":"12","avg":"32","max":"82","warning":"32","critical":"75"},
					{"DateTime":"1486393090200","count":"3","min":"26","avg":"50","max":"84","warning":"31","critical":"75"},
					{"DateTime":"1486393150200","count":"3","min":"30","avg":"48","max":"76","warning":"32","critical":"73"},
					{"DateTime":"1486393210200","count":"3","min":"26","avg":"39","max":"98","warning":"33","critical":"75"},
					{"DateTime":"1486393270200","count":"3","min":"11","avg":"49","max":"75","warning":"33","critical":"73"},
					{"DateTime":"1486393330200","count":"3","min":"7","avg":"42","max":"95","warning":"33","critical":"70"},
					{"DateTime":"1486393390200","count":"3","min":"27","avg":"49","max":"97","warning":"30","critical":"74"},
					{"DateTime":"1486393450200","count":"3","min":"9","avg":"45","max":"96","warning":"32","critical":"71"},
					{"DateTime":"1486393510200","count":"3","min":"12","avg":"35","max":"70","warning":"31","critical":"74"},
					{"DateTime":"1486393570200","count":"3","min":"15","avg":"49","max":"69","warning":"33","critical":"73"},
					{"DateTime":"1486393630200","count":"3","min":"29","avg":"38","max":"69","warning":"35","critical":"74"},
					{"DateTime":"1486393690200","count":"3","min":"11","avg":"37","max":"92","warning":"32","critical":"75"},
					{"DateTime":"1486393750200","count":"3","min":"17","avg":"37","max":"79","warning":"30","critical":"74"},
					{"DateTime":"1486393810200","count":"3","min":"18","avg":"38","max":"100","warning":"33","critical":"74"},
					{"DateTime":"1486393870200","count":"3","min":"18","avg":"49","max":"77","warning":"30","critical":"73"},
					{"DateTime":"1486393930200","count":"3","min":"21","avg":"32","max":"70","warning":"31","critical":"72"},
					{"DateTime":"1486393990200","count":"3","min":"22","avg":"47","max":"99","warning":"32","critical":"72"},
					{"DateTime":"1486394050200","count":"3","min":"26","avg":"40","max":"77","warning":"33","critical":"71"},
					{"DateTime":"1486394110200","count":"3","min":"26","avg":"34","max":"88","warning":"33","critical":"75"},
					{"DateTime":"1486394170200","count":"3","min":"3","avg":"35","max":"98","warning":"31","critical":"73"},
					{"DateTime":"1486394230200","count":"3","min":"23","avg":"46","max":"75","warning":"30","critical":"74"},
					{"DateTime":"1486394290200","count":"3","min":"3","avg":"48","max":"80","warning":"34","critical":"70"},
					{"DateTime":"1486394350200","count":"3","min":"30","avg":"49","max":"96","warning":"31","critical":"73"},
					{"DateTime":"1486394410200","count":"3","min":"19","avg":"39","max":"90","warning":"33","critical":"75"},
					{"DateTime":"1486394470200","count":"3","min":"26","avg":"38","max":"93","warning":"32","critical":"74"},
					{"DateTime":"1486394530200","count":"3","min":"26","avg":"30","max":"89","warning":"33","critical":"75"},
					{"DateTime":"1486394590200","count":"3","min":"10","avg":"43","max":"91","warning":"30","critical":"71"},
					{"DateTime":"1486394650200","count":"3","min":"16","avg":"42","max":"65","warning":"30","critical":"73"},
					{"DateTime":"1486394710200","count":"3","min":"19","avg":"37","max":"64","warning":"30","critical":"75"},
					{"DateTime":"1486394770200","count":"3","min":"6","avg":"47","max":"60","warning":"33","critical":"75"},
					{"DateTime":"1486394830200","count":"3","min":"21","avg":"48","max":"73","warning":"30","critical":"71"},
					{"DateTime":"1486394890200","count":"3","min":"16","avg":"50","max":"93","warning":"32","critical":"75"},
					{"DateTime":"1486394950200","count":"3","min":"10","avg":"42","max":"66","warning":"31","critical":"74"},
					{"DateTime":"1486395010200","count":"3","min":"8","avg":"48","max":"70","warning":"30","critical":"72"},
					{"DateTime":"1486395070200","count":"3","min":"17","avg":"40","max":"98","warning":"33","critical":"71"},
					{"DateTime":"1486395130200","count":"3","min":"25","avg":"37","max":"99","warning":"30","critical":"72"},
					{"DateTime":"1486395190200","count":"3","min":"12","avg":"41","max":"89","warning":"31","critical":"74"},
					{"DateTime":"1486395250200","count":"3","min":"3","avg":"45","max":"94","warning":"34","critical":"73"},
					{"DateTime":"1486395310200","count":"3","min":"26","avg":"45","max":"78","warning":"31","critical":"72"},
					{"DateTime":"1486395370200","count":"3","min":"23","avg":"41","max":"84","warning":"34","critical":"72"},
					{"DateTime":"1486395430200","count":"3","min":"29","avg":"46","max":"96","warning":"34","critical":"75"},
					{"DateTime":"1486395490200","count":"3","min":"29","avg":"49","max":"69","warning":"33","critical":"74"},
					{"DateTime":"1486395550200","count":"3","min":"1","avg":"48","max":"82","warning":"33","critical":"72"},
					{"DateTime":"1486395610200","count":"3","min":"3","avg":"50","max":"64","warning":"35","critical":"70"},
					{"DateTime":"1486395670200","count":"3","min":"28","avg":"49","max":"90","warning":"30","critical":"74"},
					{"DateTime":"1486395730200","count":"3","min":"9","avg":"38","max":"76","warning":"32","critical":"71"},
					{"DateTime":"1486395790200","count":"3","min":"12","avg":"50","max":"97","warning":"31","critical":"72"},
					{"DateTime":"1486395850200","count":"3","min":"11","avg":"38","max":"67","warning":"31","critical":"72"},
					{"DateTime":"1486395910200","count":"3","min":"28","avg":"48","max":"79","warning":"34","critical":"73"},
					{"DateTime":"1486395970200","count":"3","min":"4","avg":"47","max":"74","warning":"30","critical":"70"},
					{"DateTime":"1486396030200","count":"3","min":"20","avg":"42","max":"95","warning":"35","critical":"73"},
					{"DateTime":"1486396090200","count":"3","min":"8","avg":"30","max":"64","warning":"35","critical":"70"},
					{"DateTime":"1486396150200","count":"3","min":"23","avg":"48","max":"77","warning":"34","critical":"74"},
					{"DateTime":"1486396210200","count":"3","min":"16","avg":"39","max":"96","warning":"32","critical":"74"},
					{"DateTime":"1486396270200","count":"3","min":"12","avg":"46","max":"79","warning":"35","critical":"75"},
					{"DateTime":"1486396330200","count":"3","min":"2","avg":"49","max":"94","warning":"30","critical":"71"},
					{"DateTime":"1486396390200","count":"3","min":"26","avg":"43","max":"85","warning":"30","critical":"70"},
					{"DateTime":"1486396450200","count":"3","min":"21","avg":"49","max":"88","warning":"35","critical":"74"},
					{"DateTime":"1486396510200","count":"3","min":"24","avg":"33","max":"94","warning":"32","critical":"70"},
					{"DateTime":"1486396570200","count":"3","min":"28","avg":"32","max":"86","warning":"32","critical":"75"}
					]
				}		
			}
		]			
	},
	"graph4": {
		"enableMinAvgMax": false,
		"axisLabel": "Page views",
		"chartName" : "Appedo page views",
		"xAxisTimeScale" : true,
		"enableYaxis":true,
		"graphId": "graph4",
		"charts":[{"chart1": {
				"legendText": "Browserwise report",
				"metricId": 100009,
				"id": 1,
				"chartType" : "vbar",
				"selGraphValue" : "count",
				"unit":"sec",
				"data" :[
					{"Date Time":"1486114888688","count":"481","min":"0","avg":"27","max":"95","warning":"51","critical":"72"},
					{"Date Time":"1486114948688","count":"475","min":"7","avg":"13","max":"53","warning":"53","critical":"76"},
					{"Date Time":"1486115008688","count":"470","min":"0","avg":"34","max":"72","warning":"59","critical":"83"},
					{"Date Time":"1486115068688","count":"342","min":"3","avg":"11","max":"64","warning":"54","critical":"85"},
					{"Date Time":"1486115128688","count":"360","min":"10","avg":"28","max":"82","warning":"58","critical":"75"},
					{"Date Time":"1486115188688","count":"435","min":"9","avg":"23","max":"76","warning":"54","critical":"82"},
					{"Date Time":"1486115248688","count":"1308","min":"7","avg":"16","max":"55","warning":"57","critical":"88"},
					{"Date Time":"1486115308688","count":"499","min":"6","avg":"13","max":"70","warning":"57","critical":"85"},
					{"Date Time":"1486115368688","count":"426","min":"5","avg":"21","max":"53","warning":"56","critical":"84"},
					{"Date Time":"1486115428688","count":"375","min":"3","avg":"29","max":"90","warning":"59","critical":"74"},
					{"Date Time":"1486115488688","count":"410","min":"4","avg":"30","max":"55","warning":"50","critical":"77"},
					{"Date Time":"1486115548688","count":"329","min":"10","avg":"37","max":"81","warning":"56","critical":"79"},
					{"Date Time":"1486115608688","count":"327","min":"9","avg":"37","max":"90","warning":"52","critical":"72"},
					{"Date Time":"1486115668688","count":"497","min":"2","avg":"23","max":"53","warning":"52","critical":"82"},
					{"Date Time":"1486115728688","count":"307","min":"2","avg":"34","max":"54","warning":"55","critical":"82"},
					{"Date Time":"1486115788688","count":"440","min":"9","avg":"33","max":"73","warning":"50","critical":"89"},
					{"Date Time":"1486115848688","count":"499","min":"5","avg":"10","max":"80","warning":"53","critical":"76"},
					{"Date Time":"1486115908688","count":"371","min":"3","avg":"36","max":"56","warning":"59","critical":"79"},
					{"Date Time":"1486115968688","count":"307","min":"3","avg":"24","max":"97","warning":"59","critical":"83"},
					{"Date Time":"1486116028688","count":"381","min":"3","avg":"27","max":"97","warning":"59","critical":"81"},
					{"Date Time":"1486116088688","count":"404","min":"3","avg":"19","max":"84","warning":"58","critical":"70"},
					{"Date Time":"1486116148688","count":"405","min":"6","avg":"29","max":"83","warning":"54","critical":"87"},
					{"Date Time":"1486116208688","count":"416","min":"10","avg":"29","max":"80","warning":"54","critical":"78"},
					{"Date Time":"1486116268688","count":"406","min":"10","avg":"17","max":"54","warning":"60","critical":"85"},
					{"Date Time":"1486116328688","count":"424","min":"9","avg":"16","max":"71","warning":"52","critical":"84"},
					{"Date Time":"1486116388688","count":"387","min":"3","avg":"36","max":"98","warning":"60","critical":"85"},
					{"Date Time":"1486116448688","count":"426","min":"3","avg":"24","max":"61","warning":"59","critical":"82"},
					{"Date Time":"1486116508688","count":"326","min":"0","avg":"26","max":"58","warning":"50","critical":"75"},
					{"Date Time":"1486116568688","count":"315","min":"5","avg":"27","max":"50","warning":"59","critical":"80"},
					{"Date Time":"1486116628688","count":"325","min":"9","avg":"27","max":"74","warning":"53","critical":"82"},
					{"Date Time":"1486116688688","count":"399","min":"0","avg":"22","max":"95","warning":"56","critical":"73"},
					{"Date Time":"1486116748688","count":"480","min":"0","avg":"15","max":"93","warning":"58","critical":"73"},
					{"Date Time":"1486116808688","count":"370","min":"2","avg":"14","max":"74","warning":"52","critical":"75"},
					{"Date Time":"1486116868688","count":"417","min":"8","avg":"10","max":"53","warning":"60","critical":"84"},
					{"Date Time":"1486116928688","count":"359","min":"4","avg":"20","max":"98","warning":"54","critical":"88"},
					{"Date Time":"1486116988688","count":"448","min":"4","avg":"26","max":"80","warning":"55","critical":"84"},
					{"Date Time":"1486117048688","count":"388","min":"4","avg":"16","max":"80","warning":"52","critical":"79"},
					{"Date Time":"1486117108688","count":"309","min":"9","avg":"26","max":"59","warning":"56","critical":"88"},
					{"Date Time":"1486117168688","count":"314","min":"9","avg":"10","max":"98","warning":"60","critical":"84"},
					{"Date Time":"1486117228688","count":"350","min":"6","avg":"16","max":"51","warning":"53","critical":"86"},
					{"Date Time":"1486117288688","count":"324","min":"4","avg":"36","max":"70","warning":"55","critical":"89"},
					{"Date Time":"1486117348688","count":"306","min":"1","avg":"27","max":"87","warning":"51","critical":"71"},
					{"Date Time":"1486117408688","count":"419","min":"5","avg":"18","max":"56","warning":"59","critical":"73"},
					{"Date Time":"1486117468688","count":"362","min":"5","avg":"27","max":"87","warning":"52","critical":"89"},
					{"Date Time":"1486117528688","count":"441","min":"5","avg":"34","max":"100","warning":"57","critical":"80"},
					{"Date Time":"1486117588688","count":"306","min":"9","avg":"40","max":"65","warning":"59","critical":"89"},
					{"Date Time":"1486117648688","count":"408","min":"2","avg":"11","max":"90","warning":"57","critical":"90"},
					{"Date Time":"1486117708688","count":"481","min":"2","avg":"36","max":"80","warning":"60","critical":"80"},
					{"Date Time":"1486117768688","count":"357","min":"10","avg":"31","max":"86","warning":"60","critical":"72"},
					{"Date Time":"1486117828688","count":"451","min":"0","avg":"22","max":"67","warning":"54","critical":"70"},
					{"Date Time":"1486117888688","count":"396","min":"6","avg":"36","max":"66","warning":"56","critical":"88"},
					{"Date Time":"1486117948688","count":"489","min":"10","avg":"19","max":"62","warning":"59","critical":"70"},
					{"Date Time":"1486118008688","count":"365","min":"7","avg":"27","max":"57","warning":"58","critical":"89"},
					{"Date Time":"1486118068688","count":"323","min":"7","avg":"29","max":"70","warning":"58","critical":"86"},
					{"Date Time":"1486118128688","count":"361","min":"4","avg":"10","max":"86","warning":"57","critical":"70"},
					{"Date Time":"1486118188688","count":"439","min":"7","avg":"26","max":"72","warning":"60","critical":"90"},
					{"Date Time":"1486118248688","count":"396","min":"10","avg":"12","max":"93","warning":"57","critical":"78"},
					{"Date Time":"1486118308688","count":"309","min":"2","avg":"23","max":"58","warning":"57","critical":"81"},
					{"Date Time":"1486118368688","count":"460","min":"6","avg":"32","max":"76","warning":"57","critical":"76"},
					{"Date Time":"1486118428688","count":"487","min":"6","avg":"39","max":"52","warning":"52","critical":"86"},
					{"Date Time":"1486118488688","count":"324","min":"2","avg":"11","max":"86","warning":"51","critical":"73"},
					{"Date Time":"1486118548688","count":"349","min":"3","avg":"22","max":"72","warning":"51","critical":"70"},
					{"Date Time":"1486118608688","count":"402","min":"1","avg":"17","max":"54","warning":"57","critical":"70"}
					]}		
			}
		]			
	},
	"graph5": {
		"enableMinAvgMax": false,
		"axisLabel": "os",
		"chartName" : "OSwise distribution",
		"xAxisTimeScale" : false,
		"enableYaxis":true,
		"graphId": "graph5",
		"charts":[{"chart1": {
				"legendText": "Browserwise report",
				"metricId": 100010,
				"id": 1,
				"chartType" : "vbar",
				"selGraphValue" : "count",
				"unit":"sec",
				"data" :[
					{"os":"Linux","count":"350","max":"134","min":"2","avg":"85","warning":"60","critical":"24"},
					{"os":"Amazon Linux","count":"475","max":"108.3","min":"32","avg":"77","warning":"100","critical":"26"},
					{"os":"Windows 10","count":"500","max":"128","min":"18","avg":"78","warning":"180","critical":"25"},
					{"os":"Red hat","count":"595","max":"134","min":"2","avg":"85","warning":"60","critical":"30"},
					{"os":"IOS","count":"2000","max":"108.3","min":"32","avg":"77","warning":"100","critical":"200"},
					{"os":"Android","count":"800","max":"108.3","min":"32","avg":"77","warning":"100","critical":"80"},
					{"os":"os 2","count":"240","max":"128","min":"18","avg":"78","warning":"100","critical":"24"},
					{"os":"os 4","count":"800","max":"108.3","min":"32","avg":"77","warning":"100","critical":"50"},
					{"os":"os 5","count":"240","max":"128","min":"18","avg":"78","warning":"50","critical":"20"},
					{"os":"os 6","count":"800","max":"108.3","min":"32","avg":"77","warning":"100","critical":"60"},
					{"os":"os 7","count":"240","max":"128","min":"18","avg":"78","warning":"20","critical":"50"}
					]}		
			}
		]			
	},
	"graph6": {
		"enableMinAvgMax": false,
		"axisLabel": "Count",
		"chartName" : "Device Type report",
		"xAxisTimeScale" : false,
		"enableYaxis":true,
		"graphId": "graph6",
		"charts":[{"chart1": {
				"legendText": "Browserwise report",
				"metricId": 100011,
				"id": 1,
				"chartType" : "hbar",
				"selGraphValue" : "count",
				"unit":"sec",
				"data" :[
					{"device":"Desktop","count":"350","max":"134","min":"2","avg":"85","warning":"60","critical":"24"},
					{"device":"Tablet","count":"475","max":"108.3","min":"32","avg":"77","warning":"100","critical":"26"},
					{"device":"Mobile","count":"500","max":"128","min":"18","avg":"78","warning":"180","critical":"25"}
					]}		
			}
		]			
	},
	"graph7": {
		"enableMinAvgMax": false,
		"axisLabel": "Device",
		"chartName" : "Devicewise report",
		"xAxisTimeScale" : false,
		"enableYaxis":true,
		"graphId": "graph7",
		"charts":[{"chart1": {
				"legendText": "Browserwise report",
				"metricId": 100012,
				"id": 1,
				"chartType" : "vbar",
				"selGraphValue" : "count",
				"unit":"sec",
				"data" :[
					{"device":"Desktop","count":"350","max":"134","min":"2","avg":"85","warning":"60","critical":"24"},
					{"device":"Tablet","count":"475","max":"108.3","min":"32","avg":"77","warning":"100","critical":"26"},
					{"device":"Mobile","count":"500","max":"128","min":"18","avg":"78","warning":"180","critical":"25"}
				]}		
			}
		]			
	},
	"graph8": {
	"enableMinAvgMax": false,
	"axisLabel": "Percentage",
	"chartName" : "All server cpu",
	"xAxisTimeScale" : true,
	"enableYaxis":true,
	"graphId": "graph8",
	"charts":[{"chart1": {
			"legendText": "UI Server",
			"metricId": 100013,
			"id": 1,
			"chartType" : "area",
			"selGraphValue" : "avg",
			"unit":"sec",
			"data" :[
				{"DateTime":"1486649114724","count":"4","min":"9","avg":"9","max":"9"},
				{"DateTime":"1486652714724","count":"4","min":"24","avg":"24","max":"24"},
				{"DateTime":"1486656314724","count":"4","min":"15","avg":"15","max":"15"},
				{"DateTime":"1486659914724","count":"4","min":"9","avg":"9","max":"9"},
				{"DateTime":"1486663514724","count":"4","min":"18","avg":"18","max":"18"},
				{"DateTime":"1486667114724","count":"4","min":"9","avg":"9","max":"9"},
				{"DateTime":"1486670714724","count":"4","min":"18","avg":"18","max":"18"},
				{"DateTime":"1486674314724","count":"4","min":"14","avg":"14","max":"14"},
				{"DateTime":"1486677914724","count":"4","min":"14","avg":"14","max":"14"},
				{"DateTime":"1486681514724","count":"4","min":"24","avg":"24","max":"24"},
				{"DateTime":"1486685114724","count":"4","min":"17","avg":"17","max":"17"},
				{"DateTime":"1486688714724","count":"4","min":"9","avg":"9","max":"9"},
				{"DateTime":"1486692314724","count":"4","min":"24","avg":"24","max":"24"},
				{"DateTime":"1486695914724","count":"4","min":"8","avg":"8","max":"8"},
				{"DateTime":"1486699514724","count":"4","min":"19","avg":"19","max":"19"},
				{"DateTime":"1486703114724","count":"4","min":"5","avg":"5","max":"5"},
				{"DateTime":"1486706714724","count":"4","min":"15","avg":"15","max":"15"},
				{"DateTime":"1486710314724","count":"4","min":"10","avg":"10","max":"10"},
				{"DateTime":"1486713914724","count":"4","min":"22","avg":"22","max":"22"},
				{"DateTime":"1486717514724","count":"4","min":"16","avg":"16","max":"16"},
				{"DateTime":"1486721114724","count":"4","min":"10","avg":"10","max":"10"},
				{"DateTime":"1486724714724","count":"4","min":"9","avg":"9","max":"9"},
				{"DateTime":"1486728314724","count":"4","min":"23","avg":"23","max":"23"}
			]}		
		},
		{"chart2": {
			"legendText": "SUM Server",
			"metricId": 100014,
			"id": 1,
			"chartType" : "area",
			"selGraphValue" : "avg",
			"unit":"sec",
			"data" :[
				{"DateTime":"1486649114724","count":"4","min":"28","avg":"23","max":"28"},
				{"DateTime":"1486652714724","count":"4","min":"22","avg":"22","max":"22"},
				{"DateTime":"1486656314724","count":"4","min":"25","avg":"25","max":"25"},
				{"DateTime":"1486659914724","count":"4","min":"22","avg":"22","max":"22"},
				{"DateTime":"1486663514724","count":"4","min":"24","avg":"24","max":"24"},
				{"DateTime":"1486667114724","count":"4","min":"26","avg":"26","max":"26"},
				{"DateTime":"1486670714724","count":"4","min":"28","avg":"28","max":"28"},
				{"DateTime":"1486674314724","count":"4","min":"29","avg":"29","max":"29"},
				{"DateTime":"1486677914724","count":"4","min":"22","avg":"22","max":"22"},
				{"DateTime":"1486681514724","count":"4","min":"29","avg":"29","max":"29"},
				{"DateTime":"1486685114724","count":"4","min":"30","avg":"30","max":"30"},
				{"DateTime":"1486688714724","count":"4","min":"23","avg":"23","max":"23"},
				{"DateTime":"1486692314724","count":"4","min":"22","avg":"22","max":"22"},
				{"DateTime":"1486695914724","count":"4","min":"25","avg":"25","max":"25"},
				{"DateTime":"1486699514724","count":"4","min":"21","avg":"21","max":"21"},
				{"DateTime":"1486703114724","count":"4","min":"22","avg":"22","max":"22"},
				{"DateTime":"1486706714724","count":"4","min":"28","avg":"28","max":"28"},
				{"DateTime":"1486710314724","count":"4","min":"27","avg":"27","max":"27"},
				{"DateTime":"1486713914724","count":"4","min":"20","avg":"20","max":"20"},
				{"DateTime":"1486717514724","count":"4","min":"20","avg":"20","max":"20"},
				{"DateTime":"1486721114724","count":"4","min":"23","avg":"23","max":"23"},
				{"DateTime":"1486724714724","count":"4","min":"20","avg":"20","max":"20"},
				{"DateTime":"1486728314724","count":"4","min":"20","avg":"20","max":"20"}
			]}		
		},
		{
		"chart3": {
			"legendText": "ELK Server",
			"metricId": 100015,
			"id": 1,
			"chartType" : "area",
			"selGraphValue" : "avg",
			"unit":"sec",
			"data" :[
				{"DateTime":"1486649114724","count":"4","min":"28","avg":"28","max":"28"},
				{"DateTime":"1486652714724","count":"4","min":"23","avg":"23","max":"23"},
				{"DateTime":"1486656314724","count":"4","min":"28","avg":"28","max":"28"},
				{"DateTime":"1486659914724","count":"4","min":"26","avg":"26","max":"26"},
				{"DateTime":"1486663514724","count":"4","min":"19","avg":"19","max":"19"},
				{"DateTime":"1486667114724","count":"4","min":"19","avg":"19","max":"19"},
				{"DateTime":"1486670714724","count":"4","min":"16","avg":"16","max":"16"},
				{"DateTime":"1486674314724","count":"4","min":"32","avg":"32","max":"32"},
				{"DateTime":"1486677914724","count":"4","min":"24","avg":"24","max":"24"},
				{"DateTime":"1486681514724","count":"4","min":"25","avg":"25","max":"25"},
				{"DateTime":"1486685114724","count":"4","min":"24","avg":"24","max":"24"},
				{"DateTime":"1486688714724","count":"4","min":"20","avg":"20","max":"20"},
				{"DateTime":"1486692314724","count":"4","min":"36","avg":"36","max":"36"},
				{"DateTime":"1486695914724","count":"4","min":"19","avg":"19","max":"19"},
				{"DateTime":"1486699514724","count":"4","min":"26","avg":"26","max":"26"},
				{"DateTime":"1486703114724","count":"4","min":"22","avg":"22","max":"22"},
				{"DateTime":"1486706714724","count":"4","min":"23","avg":"23","max":"23"},
				{"DateTime":"1486710314724","count":"4","min":"35","avg":"35","max":"35"},
				{"DateTime":"1486713914724","count":"4","min":"38","avg":"38","max":"38"},
				{"DateTime":"1486717514724","count":"4","min":"19","avg":"19","max":"19"},
				{"DateTime":"1486721114724","count":"4","min":"34","avg":"34","max":"34"},
				{"DateTime":"1486724714724","count":"4","min":"23","avg":"23","max":"23"},
				{"DateTime":"1486728314724","count":"4","min":"37","avg":"37","max":"37"}
			]} 
		},
		{
		"chart4": {
			"legendText": "LT Processing Queue",
			"metricId": 100016,
			"id": 1,
			"chartType" : "area",
			"selGraphValue" : "avg",
			"unit":"sec",
			"data" :[
				{"DateTime":"1486649114724","count":"4","min":"50","avg":"50","max":"50"},
				{"DateTime":"1486652714724","count":"4","min":"44","avg":"44","max":"44"},
				{"DateTime":"1486656314724","count":"4","min":"42","avg":"42","max":"42"},
				{"DateTime":"1486659914724","count":"4","min":"16","avg":"16","max":"16"},
				{"DateTime":"1486663514724","count":"4","min":"49","avg":"49","max":"49"},
				{"DateTime":"1486667114724","count":"4","min":"16","avg":"16","max":"16"},
				{"DateTime":"1486670714724","count":"4","min":"22","avg":"22","max":"22"},
				{"DateTime":"1486674314724","count":"4","min":"39","avg":"39","max":"39"},
				{"DateTime":"1486677914724","count":"4","min":"31","avg":"31","max":"31"},
				{"DateTime":"1486681514724","count":"4","min":"43","avg":"43","max":"43"},
				{"DateTime":"1486685114724","count":"4","min":"7","avg":"7","max":"7"},
				{"DateTime":"1486688714724","count":"4","min":"28","avg":"28","max":"28"},
				{"DateTime":"1486692314724","count":"4","min":"24","avg":"24","max":"24"},
				{"DateTime":"1486695914724","count":"4","min":"19","avg":"19","max":"19"},
				{"DateTime":"1486699514724","count":"4","min":"21","avg":"21","max":"21"},
				{"DateTime":"1486703114724","count":"4","min":"39","avg":"39","max":"39"},
				{"DateTime":"1486706714724","count":"4","min":"38","avg":"38","max":"38"},
				{"DateTime":"1486710314724","count":"4","min":"15","avg":"15","max":"15"},
				{"DateTime":"1486713914724","count":"4","min":"23","avg":"23","max":"23"},
				{"DateTime":"1486717514724","count":"4","min":"9","avg":"9","max":"9"},
				{"DateTime":"1486721114724","count":"4","min":"27","avg":"27","max":"27"},
				{"DateTime":"1486724714724","count":"4","min":"30","avg":"30","max":"30"},
				{"DateTime":"1486728314724","count":"4","min":"10","avg":"10","max":"10"}
			]}
		}
	]
},
	"graph9": {
	"enableMinAvgMax": false,
	"axisLabel": "Percentage",
	"chartName" : "All server cpu",
	"xAxisTimeScale" : true,
	"enableYaxis":true,
	"graphId": "graph9",
	"charts":[{"chart1": {
			"legendText": "UI Server",
			"metricId": 100017,
			"id": 1,
			"chartType" : "line",
			"selGraphValue" : "avg",
			"unit":"sec",
			"data" :[
				{"DateTime":"1486649114724","count":"4","min":"9","avg":"9","max":"9"},
				{"DateTime":"1486652714724","count":"4","min":"24","avg":"24","max":"24"},
				{"DateTime":"1486656314724","count":"4","min":"15","avg":"15","max":"15"},
				{"DateTime":"1486659914724","count":"4","min":"9","avg":"9","max":"9"},
				{"DateTime":"1486663514724","count":"4","min":"18","avg":"18","max":"18"},
				{"DateTime":"1486667114724","count":"4","min":"9","avg":"9","max":"9"},
				{"DateTime":"1486670714724","count":"4","min":"18","avg":"18","max":"18"},
				{"DateTime":"1486674314724","count":"4","min":"14","avg":"14","max":"14"},
				{"DateTime":"1486677914724","count":"4","min":"14","avg":"14","max":"14"},
				{"DateTime":"1486681514724","count":"4","min":"24","avg":"24","max":"24"},
				{"DateTime":"1486685114724","count":"4","min":"17","avg":"17","max":"17"},
				{"DateTime":"1486688714724","count":"4","min":"9","avg":"9","max":"9"},
				{"DateTime":"1486692314724","count":"4","min":"24","avg":"24","max":"24"},
				{"DateTime":"1486695914724","count":"4","min":"8","avg":"8","max":"8"},
				{"DateTime":"1486699514724","count":"4","min":"19","avg":"19","max":"19"},
				{"DateTime":"1486703114724","count":"4","min":"5","avg":"5","max":"5"},
				{"DateTime":"1486706714724","count":"4","min":"15","avg":"15","max":"15"},
				{"DateTime":"1486710314724","count":"4","min":"10","avg":"10","max":"10"},
				{"DateTime":"1486713914724","count":"4","min":"22","avg":"22","max":"22"},
				{"DateTime":"1486717514724","count":"4","min":"16","avg":"16","max":"16"},
				{"DateTime":"1486721114724","count":"4","min":"10","avg":"10","max":"10"},
				{"DateTime":"1486724714724","count":"4","min":"9","avg":"9","max":"9"},
				{"DateTime":"1486728314724","count":"4","min":"23","avg":"23","max":"23"}
			]}		
		},
		{"chart2": {
			"legendText": "SUM Server",
			"metricId": 100018,
			"id": 1,
			"chartType" : "line",
			"selGraphValue" : "avg",
			"unit":"sec",
			"data" :[
				{"DateTime":"1486649114724","count":"4","min":"28","avg":"28","max":"28"},
				{"DateTime":"1486652714724","count":"4","min":"22","avg":"22","max":"22"},
				{"DateTime":"1486656314724","count":"4","min":"25","avg":"25","max":"25"},
				{"DateTime":"1486659914724","count":"4","min":"22","avg":"22","max":"22"},
				{"DateTime":"1486663514724","count":"4","min":"24","avg":"24","max":"24"},
				{"DateTime":"1486667114724","count":"4","min":"26","avg":"26","max":"26"},
				{"DateTime":"1486670714724","count":"4","min":"28","avg":"28","max":"28"},
				{"DateTime":"1486674314724","count":"4","min":"29","avg":"29","max":"29"},
				{"DateTime":"1486677914724","count":"4","min":"22","avg":"22","max":"22"},
				{"DateTime":"1486681514724","count":"4","min":"29","avg":"29","max":"29"},
				{"DateTime":"1486685114724","count":"4","min":"30","avg":"30","max":"30"},
				{"DateTime":"1486688714724","count":"4","min":"23","avg":"23","max":"23"},
				{"DateTime":"1486692314724","count":"4","min":"22","avg":"22","max":"22"},
				{"DateTime":"1486695914724","count":"4","min":"25","avg":"25","max":"25"},
				{"DateTime":"1486699514724","count":"4","min":"21","avg":"21","max":"21"},
				{"DateTime":"1486703114724","count":"4","min":"22","avg":"22","max":"22"},
				{"DateTime":"1486706714724","count":"4","min":"28","avg":"28","max":"28"},
				{"DateTime":"1486710314724","count":"4","min":"27","avg":"27","max":"27"},
				{"DateTime":"1486713914724","count":"4","min":"20","avg":"20","max":"20"},
				{"DateTime":"1486717514724","count":"4","min":"20","avg":"20","max":"20"},
				{"DateTime":"1486721114724","count":"4","min":"23","avg":"23","max":"23"},
				{"DateTime":"1486724714724","count":"4","min":"20","avg":"20","max":"20"},
				{"DateTime":"1486728314724","count":"4","min":"20","avg":"20","max":"20"}
			]}		
		},
		{
		"chart3": {
			"legendText": "ELK Server",
			"metricId": 100019,
			"id": 1,
			"chartType" : "line",
			"selGraphValue" : "avg",
			"unit":"sec",
			"data" :[
				{"DateTime":"1486649114724","count":"4","min":"28","avg":"28","max":"28"},
				{"DateTime":"1486652714724","count":"4","min":"23","avg":"23","max":"23"},
				{"DateTime":"1486656314724","count":"4","min":"28","avg":"28","max":"28"},
				{"DateTime":"1486659914724","count":"4","min":"26","avg":"26","max":"26"},
				{"DateTime":"1486663514724","count":"4","min":"19","avg":"19","max":"19"},
				{"DateTime":"1486667114724","count":"4","min":"19","avg":"19","max":"19"},
				{"DateTime":"1486670714724","count":"4","min":"16","avg":"16","max":"16"},
				{"DateTime":"1486674314724","count":"4","min":"32","avg":"32","max":"32"},
				{"DateTime":"1486677914724","count":"4","min":"24","avg":"24","max":"24"},
				{"DateTime":"1486681514724","count":"4","min":"25","avg":"25","max":"25"},
				{"DateTime":"1486685114724","count":"4","min":"24","avg":"24","max":"24"},
				{"DateTime":"1486688714724","count":"4","min":"20","avg":"20","max":"20"},
				{"DateTime":"1486692314724","count":"4","min":"36","avg":"36","max":"36"},
				{"DateTime":"1486695914724","count":"4","min":"19","avg":"19","max":"19"},
				{"DateTime":"1486699514724","count":"4","min":"26","avg":"26","max":"26"},
				{"DateTime":"1486703114724","count":"4","min":"22","avg":"22","max":"22"},
				{"DateTime":"1486706714724","count":"4","min":"23","avg":"23","max":"23"},
				{"DateTime":"1486710314724","count":"4","min":"35","avg":"35","max":"35"},
				{"DateTime":"1486713914724","count":"4","min":"38","avg":"38","max":"38"},
				{"DateTime":"1486717514724","count":"4","min":"19","avg":"19","max":"19"},
				{"DateTime":"1486721114724","count":"4","min":"34","avg":"34","max":"34"},
				{"DateTime":"1486724714724","count":"4","min":"23","avg":"23","max":"23"},
				{"DateTime":"1486728314724","count":"4","min":"37","avg":"37","max":"37"}
			]} 
		},
		{
		"chart4": {
			"legendText": "LT Processing Queue",
			"metricId": 100020,
			"id": 1,
			"chartType" : "line",
			"selGraphValue" : "avg",
			"unit":"sec",
			"data" :[
				{"DateTime":"1486649114724","count":"4","min":"50","avg":"50","max":"50"},
				{"DateTime":"1486652714724","count":"4","min":"44","avg":"44","max":"44"},
				{"DateTime":"1486656314724","count":"4","min":"42","avg":"42","max":"42"},
				{"DateTime":"1486659914724","count":"4","min":"16","avg":"16","max":"16"},
				{"DateTime":"1486663514724","count":"4","min":"49","avg":"49","max":"49"},
				{"DateTime":"1486667114724","count":"4","min":"16","avg":"16","max":"16"},
				{"DateTime":"1486670714724","count":"4","min":"22","avg":"22","max":"22"},
				{"DateTime":"1486674314724","count":"4","min":"39","avg":"39","max":"39"},
				{"DateTime":"1486677914724","count":"4","min":"31","avg":"31","max":"31"},
				{"DateTime":"1486681514724","count":"4","min":"43","avg":"43","max":"43"},
				{"DateTime":"1486685114724","count":"4","min":"7","avg":"7","max":"7"},
				{"DateTime":"1486688714724","count":"4","min":"28","avg":"28","max":"28"},
				{"DateTime":"1486692314724","count":"4","min":"24","avg":"24","max":"24"},
				{"DateTime":"1486695914724","count":"4","min":"19","avg":"19","max":"19"},
				{"DateTime":"1486699514724","count":"4","min":"21","avg":"21","max":"21"},
				{"DateTime":"1486703114724","count":"4","min":"39","avg":"39","max":"39"},
				{"DateTime":"1486706714724","count":"4","min":"38","avg":"38","max":"38"},
				{"DateTime":"1486710314724","count":"4","min":"15","avg":"15","max":"15"},
				{"DateTime":"1486713914724","count":"4","min":"23","avg":"23","max":"23"},
				{"DateTime":"1486717514724","count":"4","min":"9","avg":"9","max":"9"},
				{"DateTime":"1486721114724","count":"4","min":"27","avg":"27","max":"27"},
				{"DateTime":"1486724714724","count":"4","min":"30","avg":"30","max":"30"},
				{"DateTime":"1486728314724","count":"4","min":"10","avg":"10","max":"10"}
			]}
		}
	]
}
}