[
  {
    "summaryType": "Request response",
    "scriptName": "Book", 
    "tableRows": [
      {
        "Containername": "Container1",
        "Address": "accessCount",
        "Hit Count": true,
        "Throughput(Byte)": true,
        "Min(ms)": false,
        "Max(ms)": true,
        "Avg(ms)": false
      },
      {
        "Containername": "Container2",
        "Address": "accessCount",
        "Hit Count": true,
        "Throughput(Byte)": true,
        "Min(ms)": false,
        "Max(ms)": true,
        "Avg(ms)": false
      },
      {
        "Containername": 100047,
        "Address": "accessCount",
        "Hit Count": true,
        "Throughput(Byte)": true,
        "Min(ms)": false,
        "Max(ms)": true,
        "Avg(ms)": false
      }
    ]
  },
  {
    "summaryType": "Request response",
    "scriptName": "travel",
    "tableRows": [
      {
        "Containername": "Container111",
        "Address": "aaa",
        "Hit Count": 2,
        "Throughput(Byte)": 13,
        "Min(ms)": 11,
        "Max(ms)": 24,
        "Avg(ms)": 25
      },
      {
        "Containername": "Container2222",
        "Address": "aaa",
        "Hit Count": 23,
        "Throughput(Byte)": 131,
        "Min(ms)": 111,
        "Max(ms)": 214,
        "Avg(ms)": 21
      }
    ]
  }
]