[
	{
		"selection": "AVM",
		"module_name": "Availability Monitor",
		"desc_middle": "You can add various tests to check the availability of your website",
		"desc_end": "From various locations across the globe.",
		"icon_name": "icon-heart-beat",
		"icon_color": "#795bc5",
		"class": "apd-avm"
	}, {
		"selection": "AVM",
		"module_name": "Agent Locations",
		"desc_middle": "Add the locations from where you want to monitor your sites",
		"desc_end": "Checks whether your site is alive here.",
		"icon_name": "fa fa-globe",
		"icon_color": "#2B65EC",
		"class": "apd-avm-locations"
	}
]  