{
	"os": {
		"col_1": {
			"var1":"is_delete",
			"var2":"is_edit",
			"var3":"is_config",
			"var4":"OS"
		},
		"col_2": {
			"var1":"A_PROD_AVM_MONITOR",
			"var2":"Added by System on 12-Nov-2015 14:30:24"
		},
		"col_3": {
			"var1":"Type: Windows | 2008",
			"var2":"GUID: 72a98c16-4045-4c8b-8550-561875857e5e"
		},
		"col_4": {
			"var1":"Available",
			"var2":"24"
		},
		"col_5": {
			"var1":"Configured",
			"var2":"10"
		},
		"col_6": {
			"var1":"STATUS",
			"var2":"3",
			"var3":"2",
			"var4":"5"
		},
		"col_7": {
			"var1":"Mon_stat_down"
		},
		"col_8": {
			"var1":""
		}		
	},
	"Application": {
		"col_1": {
			"var1":"is_delete",
			"var2":"is_edit",
			"var3":"is_config",
			"var4":"APPLICATION"
		},
		"col_2": {
			"var1":"Test_Application",
			"var2":"Added by System on 26-Dec-2016 14:30:24"
		},
		"col_3": {
			"var1":"Type: WebLogic | 10.x",
			"var2":"GUID: 72a98c16-4045-4c8b-8550-561875857e5e"
		},
		"col_4": {
			"var1":"Available",
			"var2":"24"
		},
		"col_5": {
			"var1":"Configured",
			"var2":"10"
		},
		"col_6": {
			"var1":"STATUS",
			"var2":"3",
			"var3":"2",
			"var4":"5"
		},
		"col_7": {
			"var1":"Mon_stat_down"
		},
		"col_8": {
			"var1":"Pro_stat_down"
		}	
	},
	"SUM": {
		"col_1": {
			"var1":"is_delete",
			"var2":"is_edit",
			"var3":"",
			"var4":"SUM"
		},
		"col_2": {
			"var1":"Test_SUM",
			"var2":"Added On: 26-Dec-2016 11:04:55"
		},
		"col_3": {
			"var1":"URL http://apm.appedo.com",
			"var2":"Run Duration: 26-DEc-2016 TO 31-Dec-2016"
		},
		"col_4": {
			"var1":"Run Every",
			"var2":"1 hrs"
		},
		"col_5": {
			"var1":"Location",
			"var2":"3"
		},
		"col_6": {
			"var1":"STATUS_Live",
			"var2":"Running"
		},
		"col_7": {
			"var1":"SUM_Details",
			"var2":"CHROME",
			"var3":"Cable(5/1 Mbps 28ms RRT)",
			"var4":"Repeat View: No"
		},
		"col_8": {
			"var1":""
		}
	},
	"AVAILABLITY": {
		"col_1": {
			"var1":"is_delete",
			"var2":"is_edit",
			"var3":"is_config",
			"var4":"AVAILABLITY"
		},
		"col_2": {
			"var1":"Test_Appedo Website",
			"var2":"Added On: 26-Dec-2016 11:04:55"
		},
		"col_3": {
			"var1":"URL http://apm.appedo.com",
			"var2":"Run Duration: 26-DEc-2016 TO 31-Dec-2016"
		},
		"col_4": {
			"var1":"Run Every",
			"var2":"3 Min(s)"
		},
		"col_5": {
			"var1":"Location",
			"var2":"200"
		},
		"col_6": {
			"var1":"STATUS_Live",
			"var2":"Available"
		},
		"col_7": {
			"var1":"Mon_Availablity",
			"var2":"Down In",
			"var3":"0"
		},
		"col_8": {
			"var1":""
		}
	},
	"Avl LOCATION": {
		"col_1": {
			"var1":"is_delete",
			"var2":"is_alert",
			"var3":"",
			"var4":"Avl LOCATION"
		},
		"col_2": {
			"var1":"USA -> New Orleans",
			"var2":"Added On: 16-Dec-2016 9:14:35"
		},
		"col_3": {
			"var1":"Runs In : 111.93.198.166",
			"var2":"Last seen since 175 Days on 16-Dec-2016 9:43:15 "
		},
		"col_4": {
			"var1":"Mapped App",
			"var2":"4"
		},
		"col_5": {
			"var1":"",
			"var2":""
		},
		"col_6": {
			"var1":"STATUS_Live",
			"var2":"Down"
		},
		"col_7": {
			"var1":"Mon_stat_down"
		},
		"col_8": {
			"var1":""
		}
	},
	"RUM": {
		"col_1": {
			"var1":"is_delete",
			"var2":"is_edit",
			"var3":"",
			"var4":"RUM"
		},
		"col_2": {
			"var1":"Test_RUM",
			"var2":"Added by Devops on 29-Nov-2016 15:20:15 "
		},
		"col_3": {
			"var1":"",
			"var2":"GUID: 0dfa7c23-38ca-49fe-8498-38f771584cf0"
		},
		"col_4": {
			"var1":"Page Views",
			"var2":"234"
		},
		"col_5": {
			"var1":"",
			"var2":""
		},
		"col_6": {
			"var1":"STATUS",
			"var2":"100",
			"var3":"245",
			"var4":"2000"
		},
		"col_7": {
			"var1":"Mon_RumDown"
		},
		"col_8": {
			"var1":"chart_icon"
		}
	},
	"LT Scenarios": {
		"col_1": {
			"var1":"is_delete",
			"var2":"is_edit",
			"var3":"is_config",
			"var4":"LT Scenarios"
		},
		"col_2": {
			"var1":"NOPCommerce_LoadTest",
			"var2":"Added by sale on 10-Dec-2016 18:20:15 "
		},
		"col_3": {
			"var1":"Mapped Script Name",
			"var2":"Nop Commerce"
		},
		"col_4": {
			"var1":"Mapped Scripts",
			"var2":"1"
		},
		"col_5": {
			"var1":"Vusers(L Run)",
			"var2":"100"
		},
		"col_6": {
			"var1":"STATUS_Live",
			"var2":"8 Completed"
		},
		"col_7": {
			"var1":"Mon_stat_down"
		},
		"col_8": {
			"var1":"Pro_doc"
		}
	},
	"LT Variables": {
		"col_1": {
			"var1":"is_delete",
			"var2":"is_edit",
			"var3":"",
			"var4":"LT Variables"
		},
		"col_2": {
			"var1":"Timelog",
			"var2":"Added by sale on 10-Dec-2016 18:20:15 "
		},
		"col_3": {
			"var1":"Policy: For each Iteration",
			"var2":"Startfrom: 1"
		},
		"col_4": {
			"var1":"",
			"var2":""
		},
		"col_5": {
			"var1":"",
			"var2":""
		},
		"col_6": {
			"var1":"STATUS_LT"
		},
		"col_7": {
			"var1":"Mon_down"
		},
		"col_8": {
			"var1":"Pro_up"
		}
	},
	"Service Map": {
		"col_1": {
			"var1":"is_delete",
			"var2":"is_edit",
			"var3":"is_config",
			"var4":"Service Map"
		},
		"col_2": {
			"var1":"New Rum Sriram",
			"var2":"Added by rajasree on 23-Feb-2017 20:04:55"
		},
		"col_3": {
			"var1":"Rum Added To Check The Data Consistency",
			"var2":""
		},
		"col_4567": {
			"var1":"Apl",
			"var2":"10",
			"var3":"OS",
			"var4":"30",
			"var5":"DB",
			"var6":"10",
			"var7":"RUM",
			"var8":"20",
			"var9":"SUM",
			"var10":"17",
			"var11":"LOG",
			"var12":"30",
			"var13":"AVM",
			"var14":"200"
		},
		"col_8": {
			"var1":"chart_icon"
		}
	},
	"Alert-System": {
		"col_1": {
			"var1":"is_delete",
			"var2":"is_edit",
			"var3":"is_config",
			"var4":"Alert-System"
		},
		"col_2": {
			"var1":"Application - aprod_collector",
			"var2":"Added by sale on 10-Dec-2016 18:20:15 "
		},
		"col_3": {
			"var1":"Description Of Alert System Modified..."
		},
		"col_4": {
			"var1":"Mapped Matrices",
			"var2":"1"
		},
		"col_5": {
			"var1":"Alerted(Last 24 Hour)",
			"var2":"25"
		},
		"col_6": {
			"var1":"Settings",
			"var2":"95",
			"var3":"50",
			"var4":"25"
		},
		"col_7": {
			"var1":"alert_status"
		},
		"col_8": {
			"var1":"Pro_doc"
		}
	}
}