[
  {
    "selection": "Alerts",
    "module_name": "Policy",
    "desc_middle": "Configure your servers for Alerts",
    "desc_end": "Set, measure, capture and alert",
    "icon_name": "icon-sla",
    "icon_color": "#46C1BA",
    "class": "apd-sla"
  },
  {
    "selection": "Alerts",
    "module_name": "Settings",
    "desc_middle": "Set Email, SMS for Alert. Set Max Try and Alert frequency",
    "desc_end": "Settings is used  to set the frequency for triggering alert, for setting the max number of times the breach can happen and also the max try duration.",
    "icon_name": "icon-settings",
    "icon_color": "#795BC5",
    "class": "sla-settings"
  }
]
