[
  {
    "selection": "Alerts",
    "module_name": "Manage Actions",
    "desc_middle": "Manage your actions to perform heal on breach",
    "desc_end": "Supports VBS and Shell Script to perform healing",
    "icon_name": "icon-actions",
    "icon_color": "#B34FBC",
    "class": "sla-actions"
  },
  {
    "selection": "Alerts",
    "module_name": "Manage Rule",
    "desc_middle": "Group your Action(s) and Rule(s) to define the healing when breach happens",
    "desc_end": "Currently supports only one rule to get configured to SLA.",
    "icon_name": "icon-rules",
    "icon_color": "#FA7126",
    "class": "sla-rules"
  },
  {
    "selection": "Alerts",
    "module_name": "Policy",
    "desc_middle": "Configure your servers for Alerts",
    "desc_end": "Set, measure, capture and alert",
    "icon_name": "icon-sla",
    "icon_color": "#46C1BA",
    "class": "apd-sla"
  },
  {
    "selection": "Alerts",
    "module_name": "Settings",
    "desc_middle": "Set Email, SMS for Alert. Set Max Try and Alert frequency",
    "desc_end": "Settings is used  to set the frequency for triggering alert, for setting the max number of times the breach can happen and also the max try duration.",
    "icon_name": "icon-settings",
    "icon_color": "#795BC5",
    "class": "sla-settings"
  }
]
