{"Created Users": [{"query": "SELECT mean(\"value\") FROM \"jmeter.test.startedT\" WHERE time > #@START_TIME_EPOCH_MS@#ms and time < #@END_TIME_EPOCH_MS@#ms GROUP BY time(30s) fill(\"null\")","epoch": "ms","target": "jmeter.test.startedT.mean"}],"Minimum Active Users": [{"query": "SELECT first(\"value\") FROM \"jmeter.test.startedT\" WHERE time > #@START_TIME_EPOCH_MS@#ms and time < #@END_TIME_EPOCH_MS@#ms","epoch": "ms","target": "jmeter.test.startedT.first"}],"Average Active Users": [{"query": "SELECT mean(\"value\") FROM \"jmeter.test.meanAT\" WHERE time > #@START_TIME_EPOCH_MS@#ms and time < #@END_TIME_EPOCH_MS@#ms GROUP BY time(30s) fill(\"null\")","epoch": "ms","target": "jmeter.test.meanAT.mean"}],"Failed Requests": [{"query": "SELECT sum(\"value\") FROM \"jmeter.all.ko.count\" WHERE time > #@START_TIME_EPOCH_MS@#ms and time < #@END_TIME_EPOCH_MS@#ms","epoch": "ms","target": "jmeter.all.ko.count.sum"}],"Running Vusers": [{"query": "SELECT mean(\"value\") FROM \"jmeter.test.meanAT\" WHERE time > #@START_TIME_EPOCH_MS@#ms and time < #@END_TIME_EPOCH_MS@#ms GROUP BY time(5s) fill(\"null\")","epoch": "ms","target": "Running Vusers"}],"Hits Per Second": [{"query": "SELECT mean(\"value\") FROM \"jmeter.all.h.count\" WHERE time > #@START_TIME_EPOCH_MS@#ms and time < #@END_TIME_EPOCH_MS@#ms GROUP BY time(5s) fill(\"null\")","epoch": "ms","target": "Hits/Second"}],"Success Hits Per Second": [{"query": "SELECT mean(\"value\") FROM \"jmeter.all.ok.count\" WHERE time > #@START_TIME_EPOCH_MS@#ms and time < #@END_TIME_EPOCH_MS@#ms GROUP BY time(5s) fill(\"null\")","epoch": "ms","target": "Success Hits/Second"}],"Failed Requests Per Second": [{"query": "SELECT mean(\"value\") FROM \"jmeter.all.ko.count\" WHERE time > #@START_TIME_EPOCH_MS@#ms and time < #@END_TIME_EPOCH_MS@#ms GROUP BY time(5s) fill(\"null\")","epoch": "ms","target": "Failed Request/Second"}],"Request Response Time (Min and Max)": [{"query": "SELECT mean(\"value\") FROM \"jmeter.all.a.min\" WHERE time > #@START_TIME_EPOCH_MS@#ms and time < #@END_TIME_EPOCH_MS@#ms GROUP BY time(5s) fill(\"null\")","epoch": "ms","target": "Minimum Request Response Time"},{"query": "SELECT mean(\"value\") FROM \"jmeter.all.a.max\" WHERE time > #@START_TIME_EPOCH_MS@#ms and time < #@END_TIME_EPOCH_MS@#ms GROUP BY time(5s) fill(\"null\")","epoch": "ms","target": "Maximum Request Response Time"}],"Request Response Time (Percentile Avg.)": [{"query": "SELECT mean(\"value\") FROM \"jmeter.all.a.pct90\" WHERE time > #@START_TIME_EPOCH_MS@#ms and time < #@END_TIME_EPOCH_MS@#ms GROUP BY time(5s) fill(\"null\")","epoch": "ms","target": "Avg Request Response Time 90%"},{"query": "SELECT mean(\"value\") FROM \"jmeter.all.a.pct95\" WHERE time > #@START_TIME_EPOCH_MS@#ms and time < #@END_TIME_EPOCH_MS@#ms GROUP BY time(5s) fill(\"null\")","epoch": "ms","target": "Avg Request Response Time 95%"},{"query": "SELECT mean(\"value\") FROM \"jmeter.all.a.pct99\" WHERE time > #@START_TIME_EPOCH_MS@#ms and time < #@END_TIME_EPOCH_MS@#ms GROUP BY time(5s) fill(\"null\")","epoch": "ms","target": "Avg Request Response Time 99%"}],"Average Transaction Response Time Analysis": [],/*{"format": "ms","label": null,"logBase": 1,"max": null,"min": null,"show": true}*/"Request Response Table": []}