{"id":4,"title":"","tags":[],"style":"dark","timezone":"browser","editable":true,"sharedCrosshair":false,"hideControls":false,"time":{"from":"","to":"","raw":{"from":"","to":""}},"timepicker":{"refresh_intervals":["5s","10s","30s","1m","5m","15m","30m","1h","2h","1d"],"time_options":["5m","15m","1h","6h","12h","24h","2d","7d","30d"]},"templating":{"list":[]},"annotations":{"list":[]},"schemaVersion":13,"version":1,"links":[],"gnetId":null,"rows":[{"title":"New row","panels":[{"cacheTimeout":null,"colorBackground":false,"colorValue":false,"colors":["rgba(245, 54, 54, 0.9)","rgba(237, 129, 40, 0.89)","rgba(50, 172, 45, 0.97)"],"datasource":null,"editable":true,"error":false,"format":"none","gauge":{"maxValue":10,"minValue":0,"show":true,"thresholdLabels":false,"thresholdMarkers":true},"id":8,"interval":null,"links":[],"mappingType":1,"mappingTypes":[{"name":"value to text","value":1},{"name":"range to text","value":2}],"maxDataPoints":100,"nullPointMode":"connected","nullText":null,"postfix":"","postfixFontSize":"50%","prefix":"","prefixFontSize":"50%","rangeMaps":[{"from":"null","text":"N/A","to":"null"}],"span":3,"sparkline":{"fillColor":"rgba(31, 118, 189, 0.18)","full":false,"lineColor":"rgb(31, 120, 193)","show":false},"targets":[],"thresholds":"","title":"Created Users","type":"singlestat","valueFontSize":"80%","valueMaps":[{"op":"=","text":"N/A","value":"null"}],"valueName":"avg","snapshotData":[]},{"cacheTimeout":null,"colorBackground":false,"colorValue":false,"colors":["rgba(245, 54, 54, 0.9)","rgba(237, 129, 40, 0.89)","rgba(50, 172, 45, 0.97)"],"datasource":null,"editable":true,"error":false,"format":"none","gauge":{"maxValue":10,"minValue":0,"show":true,"thresholdLabels":false,"thresholdMarkers":true},"id":9,"interval":null,"links":[],"mappingType":1,"mappingTypes":[{"name":"value to text","value":1},{"name":"range to text","value":2}],"maxDataPoints":100,"nullPointMode":"connected","nullText":null,"postfix":"","postfixFontSize":"50%","prefix":"","prefixFontSize":"50%","rangeMaps":[{"from":"null","text":"N/A","to":"null"}],"span":3,"sparkline":{"fillColor":"rgba(31, 118, 189, 0.18)","full":false,"lineColor":"rgb(31, 120, 193)","show":false},"targets":[],"thresholds":"","title":"Minimum Active Users","type":"singlestat","valueFontSize":"80%","valueMaps":[{"op":"=","text":"N/A","value":"null"}],"valueName":"avg","snapshotData":[]},{"cacheTimeout":null,"colorBackground":false,"colorValue":false,"colors":["rgba(245, 54, 54, 0.9)","rgba(237, 129, 40, 0.89)","rgba(50, 172, 45, 0.97)"],"datasource":null,"editable":true,"error":false,"format":"none","gauge":{"maxValue":10,"minValue":0,"show":true,"thresholdLabels":false,"thresholdMarkers":true},"id":10,"interval":null,"links":[],"mappingType":1,"mappingTypes":[{"name":"value to text","value":1},{"name":"range to text","value":2}],"maxDataPoints":100,"nullPointMode":"connected","nullText":null,"postfix":"","postfixFontSize":"50%","prefix":"","prefixFontSize":"50%","rangeMaps":[{"from":"","text":"N/A","to":"null"}],"span":3,"sparkline":{"fillColor":"rgba(31, 118, 189, 0.18)","full":false,"lineColor":"rgb(31, 120, 193)","show":false},"targets":[],"thresholds":"","title":"Average Active Users","type":"singlestat","valueFontSize":"80%","valueMaps":[{"op":"=","text":"N/A","value":"null"}],"valueName":"avg","snapshotData":[]},{"cacheTimeout":null,"colorBackground":false,"colorValue":false,"colors":["rgba(245, 54, 54, 0.9)","rgba(237, 129, 40, 0.89)","rgba(204, 19, 20, 0.97)"],"datasource":null,"editable":true,"error":false,"format":"none","gauge":{"maxValue":100,"minValue":0,"show":true,"thresholdLabels":false,"thresholdMarkers":true},"id":11,"interval":null,"links":[],"mappingType":1,"mappingTypes":[{"name":"value to text","value":1},{"name":"range to text","value":2}],"maxDataPoints":100,"nullPointMode":"connected","nullText":null,"postfix":"","postfixFontSize":"50%","prefix":"","prefixFontSize":"50%","rangeMaps":[{"from":"null","text":"N/A","to":"null"}],"span":3,"sparkline":{"fillColor":"rgba(31, 118, 189, 0.18)","full":false,"lineColor":"rgb(31, 120, 193)","show":false},"targets":[],"thresholds":"","title":"Failed Requests","type":"singlestat","valueFontSize":"80%","valueMaps":[{"op":"=","text":"N/A","value":"null"}],"valueName":"avg","snapshotData":[]}],"showTitle":false,"titleSize":"h6","height":"150px","repeat":null,"repeatRowId":null,"repeatIteration":null,"collapse":false},{"title":"New row","panels":[{"aliasColors":{},"bars":false,"datasource":null,"editable":true,"error":false,"fill":1,"grid":{},"id":2,"legend":{"avg":false,"current":false,"max":false,"min":false,"show":true,"total":false,"values":false},"lines":true,"linewidth":2,"links":[],"nullPointMode":"connected","percentage":false,"pointradius":5,"points":false,"renderer":"flot","seriesOverrides":[],"span":6,"stack":false,"steppedLine":false,"targets":[],"thresholds":[],"timeFrom":null,"timeShift":null,"title":"Running Vusers","tooltip":{"msResolution":false,"shared":true,"sort":0,"value_type":"cumulative"},"type":"graph","xaxis":{"mode":"time","name":null,"show":true,"values":[]},"yaxes":[{"format":"short","label":null,"logBase":1,"max":null,"min":null,"show":true},{"format":"short","label":null,"logBase":1,"max":null,"min":null,"show":true}],"snapshotData":[]},{"aliasColors":{},"bars":false,"datasource":null,"decimals":0,"editable":true,"error":false,"fill":1,"grid":{},"id":3,"legend":{"alignAsTable":true,"avg":true,"current":false,"max":true,"min":true,"rightSide":false,"show":true,"total":false,"values":true},"lines":true,"linewidth":2,"links":[],"nullPointMode":"connected","percentage":false,"pointradius":5,"points":false,"renderer":"flot","seriesOverrides":[],"span":6,"stack":false,"steppedLine":false,"targets":[],"thresholds":[],"timeFrom":null,"timeShift":null,"title":"Hits Per Second","tooltip":{"msResolution":false,"shared":true,"sort":0,"value_type":"cumulative"},"type":"graph","xaxis":{"mode":"time","name":null,"show":true,"values":[]},"yaxes":[{"format":"short","label":null,"logBase":1,"max":null,"min":null,"show":true},{"format":"short","label":null,"logBase":1,"max":null,"min":null,"show":true}],"snapshotData":[]}],"showTitle":false,"titleSize":"h6","height":"250px","repeat":null,"repeatRowId":null,"repeatIteration":null,"collapse":false},{"title":"New row","panels":[{"aliasColors":{},"bars":false,"datasource":null,"editable":true,"error":false,"fill":1,"grid":{},"id":4,"legend":{"alignAsTable":true,"avg":true,"current":false,"max":true,"min":true,"show":true,"total":false,"values":true},"lines":true,"linewidth":2,"links":[],"nullPointMode":"connected","percentage":false,"pointradius":5,"points":false,"renderer":"flot","seriesOverrides":[],"span":6,"stack":false,"steppedLine":false,"targets":[],"thresholds":[],"timeFrom":null,"timeShift":null,"title":"Success Hits Per Second","tooltip":{"msResolution":false,"shared":true,"sort":0,"value_type":"cumulative"},"type":"graph","xaxis":{"mode":"time","name":null,"show":true,"values":[]},"yaxes":[{"format":"short","label":null,"logBase":1,"max":null,"min":null,"show":true},{"format":"short","label":null,"logBase":1,"max":null,"min":null,"show":true}],"snapshotData":[]},{"aliasColors":{},"bars":false,"datasource":null,"editable":true,"error":false,"fill":1,"grid":{},"id":5,"legend":{"alignAsTable":true,"avg":true,"current":false,"max":true,"min":true,"show":true,"total":false,"values":true},"lines":true,"linewidth":2,"links":[],"nullPointMode":"connected","percentage":false,"pointradius":5,"points":false,"renderer":"flot","seriesOverrides":[],"span":6,"stack":false,"steppedLine":false,"targets":[],"thresholds":[],"timeFrom":null,"timeShift":null,"title":"Failed Requests Per Second","tooltip":{"msResolution":false,"shared":true,"sort":0,"value_type":"cumulative"},"type":"graph","xaxis":{"mode":"time","name":null,"show":true,"values":[]},"yaxes":[{"format":"short","label":null,"logBase":1,"max":null,"min":null,"show":true},{"format":"short","label":null,"logBase":1,"max":null,"min":null,"show":true}],"snapshotData":[]}],"showTitle":false,"titleSize":"h6","height":"250px","repeat":null,"repeatRowId":null,"repeatIteration":null,"collapse":false},{"title":"New row","panels":[{"aliasColors":{},"bars":false,"datasource":null,"decimals":0,"editable":true,"error":false,"fill":1,"grid":{},"id":6,"legend":{"alignAsTable":true,"avg":true,"current":false,"max":true,"min":true,"show":true,"total":false,"values":true},"lines":true,"linewidth":2,"links":[],"nullPointMode":"connected","percentage":false,"pointradius":5,"points":false,"renderer":"flot","seriesOverrides":[],"span":6,"stack":false,"steppedLine":false,"targets":[],"thresholds":[],"timeFrom":null,"timeShift":null,"title":"Request Response Time (Min and Max)","tooltip":{"msResolution":false,"shared":true,"sort":0,"value_type":"cumulative"},"type":"graph","xaxis":{"mode":"time","name":null,"show":true,"values":[]},"yaxes":[{"format":"ms","label":null,"logBase":1,"max":null,"min":null,"show":true},{"format":"short","label":null,"logBase":1,"max":null,"min":null,"show":true}],"snapshotData":[]},{"aliasColors":{},"bars":false,"datasource":null,"editable":true,"error":false,"fill":1,"grid":{},"id":7,"legend":{"alignAsTable":true,"avg":true,"current":false,"max":true,"min":true,"show":true,"total":false,"values":true},"lines":true,"linewidth":2,"nullPointMode":"connected","percentage":false,"pointradius":5,"points":false,"renderer":"flot","seriesOverrides":[],"span":6,"stack":false,"steppedLine":false,"targets":[],"thresholds":[],"timeFrom":null,"timeShift":null,"title":"Request Response Time (Percentile Avg.)","tooltip":{"msResolution":false,"shared":true,"sort":0,"value_type":"cumulative"},"type":"graph","xaxis":{"mode":"time","name":null,"show":true,"values":[]},"yaxes":[{"format":"ms","label":null,"logBase":1,"max":null,"min":null,"show":true},{"format":"short","label":null,"logBase":1,"max":null,"min":null,"show":true}],"snapshotData":[],"links":[]}],"showTitle":false,"titleSize":"h6","height":"250px","repeat":null,"repeatRowId":null,"repeatIteration":null,"collapse":false},{"title":"Row","panels":[{"aliasColors":{},"bars":false,"datasource":null,"editable":true,"error":false,"fill":1,"grid":{},"id":1,"legend":{"alignAsTable":true,"avg":true,"current":false,"max":true,"min":true,"rightSide":true,"show":true,"sortDesc":true,"total":false,"values":true},"lines":true,"linewidth":2,"links":[],"nullPointMode":"connected","percentage":false,"pointradius":5,"points":false,"renderer":"flot","seriesOverrides":[{"alias":"Add to Cart","bars":true,"yaxis":1}],"span":12,"stack":false,"steppedLine":false,"targets":[],"thresholds":[],"timeFrom":null,"timeShift":null,"title":"Average Transaction Response Time Analysis","tooltip":{"msResolution":false,"shared":true,"sort":0,"value_type":"cumulative"},"type":"graph","xaxis":{"mode":"time","name":null,"show":true,"values":[]},"yaxes":[],"snapshotData":[]}],"showTitle":false,"titleSize":"h6","height":"250px","repeat":null,"repeatRowId":null,"repeatIteration":null,"collapse":false},{"title":"New row","panels":[{"columns":[{"text":"Avg","value":"avg"}],"editable":true,"error":false,"fontSize":"100%","id":12,"links":[],"pageSize":20,"scroll":false,"showHeader":true,"sort":{"col":1,"desc":true},"span":12,"styles":[{"dateFormat":"YYYY-MM-DD HH:mm:ss","pattern":"Time","type":"date"},{"colorMode":null,"colors":["rgba(245, 54, 54, 0.9)","rgba(237, 129, 40, 0.89)","rgba(50, 172, 45, 0.97)"],"decimals":2,"pattern":"/.*/","thresholds":["0"],"type":"number","unit":"ms"}],"targets":[],"title":"Request Response Table","transform":"timeseries_aggregations","type":"table","snapshotData":[],"datasource":null}],"showTitle":false,"titleSize":"h6","height":"250px","repeat":null,"repeatRowId":null,"repeatIteration":null,"collapse":false}],"snapshot":{"timestamp":"","originalUrl":""}}