<?xml version="1.0" ?>
<project name="appedo_lt_jmeter_loadgen" default="jmeter_loadgen">
		<path id="libpath">
             <fileset dir="Appedo-LT-Jmeter-LoadGen/lib">
                <include name="**/*.jar"/>
             </fileset>
        </path>
		<target name="init">
			<property name="src_dir" value="Appedo-LT-Jmeter-LoadGen/src/"/>
			<property name="classes" value="Appedo-LT-Jmeter-LoadGen/appedo_temp/classes/jmeter"/>
			<property name="jmeterjar" value="${jars}/jmeter_loadgen_${1}.${2}.jar"/>
		</target>
		<target name="prepare" depends="init">
	        <mkdir dir="${classes}"/>
		</target>
        <target name="compile" depends="prepare">
            <javac destdir="${classes}" debug="true" includeantruntime="false">
			     <src path="${src_dir}"/>
                 <classpath refid="libpath"/>
            </javac>
        </target>
        <target name="jmeter_loadgen" depends="compile">
				<jar jarfile="${jmeterjar}" manifest="META-INF/MANIFEST_JMETER_LOADGEN.MF">
					<fileset dir="${classes}"/>
				</jar>
		</target>
</project>