<?xml version="1.0" ?>
<project name="appedo_lt_queue_services" default="ltqueue">
                <path id="libpath">
             <fileset dir="WebRoot/WEB-INF/lib">
                <include name="**/*.jar"/>
             </fileset>
        </path>
                <target name="init">
                        <property name="src_dir" value="src/com/appedo"/>
                        <property name="resource" value="com/appedo/lt/resource"/>
                        <property name="classes" value="appedo_temp/classes"/>
                        <property name="wars" value="appedo_temp/wars"/>
                        <property name="web.xml" value="WebRoot/WEB-INF/web-LT-Queue-Services.xml"/>
                </target>
                <target name="clean" depends="init">
            <delete dir="appedo_temp"/>
        </target>
                <target name="prepare" depends="clean">
                <mkdir dir="${classes}"/>
                <mkdir dir="${wars}"/>
                </target>
        <target name="compile" depends="prepare">
            <javac destdir="${classes}" debug="true" includeantruntime="false">
            	 <src path="${src_dir}/collector/bean"/>
            	 <src path="${src_dir}/collector/controller"/>
            	 <src path="${src_dir}/collector/manager"/>
                 <src path="${src_dir}/lt/bean"/>
                 <src path="${src_dir}/lt/common"/>
                 <src path="${src_dir}/lt/connect"/>
                 <src path="${src_dir}/lt/controller"/>
                 <src path="${src_dir}/lt/dbi"/>
                 <src path="${src_dir}/lt/model"/>
                 <src path="${src_dir}/lt/servlet"/>
                 <src path="${src_dir}/lt/tcpserver"/>
                 <src path="${src_dir}/lt/utils"/>
                 <classpath refid="libpath"/>
            </javac>
        </target>
                <target name="ltqueue" depends="compile">
                <mkdir dir="${classes}/${resource}"/>
                <copy todir="${classes}/${resource}">
                        <fileset dir="${src_dir}/lt/resource"/>
                </copy>
                <war destfile="${wars}/appedo_lt_queue_services.war" webxml="${web.xml}">
                        <fileset dir="WebRoot"/>
						<classes dir="${classes}"/>
                </war>
                <copy file="${wars}/appedo_lt_queue_services.war" todir="/opt/artifacts"/>
        </target>
</project>
