<project name="Appedo_SUM_Heartbeat_Server" default="heartbeat">
		<path id="libpath">
             <fileset dir="Appedo-SUM-HeartBeat-Server/WebRoot/WEB-INF/lib">
                <include name="**/*.jar"/>
             </fileset>
        </path> 
		<target name="init">
			<property name="src_dir" value="src/com/appedo/sum/heartbeat"/>
			<property name="classes" value="appedo_temp/server/classes"/>
			<property name="wars" value="appedo_temp/wars"/>
			<property name="resource" value="com/appedo/sum/heartbeat/resource"/>
			<property name="web.xml" value="Appedo-SUM-HeartBeat-Server/WebRoot/WEB-INF/web.xml"/>
		</target>        
		<target name="prepare" depends="init">
	        <mkdir dir="${classes}"/>
			<mkdir dir="${wars}"/>
			<mkdir dir="${classes}/${resource}"/>
		</target>
        <target name="compile" depends="prepare">
            <javac destdir="${classes}" debug="true" srcdir="Appedo-SUM-HeartBeat-Server/src/" includeantruntime="false">
			            <classpath refid="libpath"/>
            </javac>
        </target>
        <target name="heartbeat" depends="compile"> 
				<copy todir="${classes}/${resource}">
					<fileset dir="Appedo-SUM-HeartBeat-Server/${src_dir}/resource"/>
				</copy>
				<war destfile="${wars}/appedo_sum_heartbeat_controller.war" webxml="${web.xml}">
                        <fileset dir="Appedo-SUM-HeartBeat-Server/WebRoot"/>
                        <classes dir="${classes}"/>
                </war>
		<!--<copy file="${wars}/appedo_sum_heartbeat_controller.war" todir="/opt/artifacts"/>-->
        </target>
</project>

